City (for azimuth),hive,lat,lon,month,day,year,hour,min,hour,minute,segment,dance found?,segment start time,Pollen forager,dancer.id,cluster.id,runs.measured,points,minX,maxX,meanX,sdX,minY,maxY,meanY,sdY,min_duration.sec,max_duration.sec,mean_duration.sec,sd_duration.sec,minI,maxI,meanI,sdI,minLen,maxLen,meanLen,sdLen,minD2S,maxD2S,meanD2S,sdD2S,minD2R,maxD2R,meanD2R,sdD2R,minD2P,maxD2P,meanD2P,sdD2P,minV,maxV,meanV,sdV,min_angle,max_angle,mean_angle,sd_angle,minDelta,maxDelta,meanDelta,sdDelta,skew,min_angle_corr,max_angle_corr,mean_angle_corr,segment start time,azimuth,heading.degrees,heading.radians,flag
Wooster,OBS2,40.775295,-81.920004,6,28,2018,14,2,,,C1_062818_14.02_for_60sec,yes,14:02,yes C1,1,1,4,8,288,338,314.25,17.71,552,624,584.5,27.872,1.335,1.668,1.493,0.137,50,79,58.875,10.063,49.518,58.822,54.022,4.706,0,58.822,27.011,29.04,NA,NA,NA,NA,49.518,58.822,54.022,4.706,30.256,39.175,36.386,4.193,43.363,77.905,58.067,14.425,NA,NA,NA,NA,,133.363,167.905,148.067,,,148.067,2.584256664,
Wooster,OBS2,40.775295,-81.920004,6,28,2018,14,2,,,C1_062818_14.02_for_60sec,yes,14:02,no,2,2,7,14,738,818,772,22.679,630,722,682.619,29.161,1.735,2.002,1.849,0.102,36,80,55.857,13.496,45.509,66.843,55.638,8.467,0,66.843,27.819,29.437,NA,NA,NA,NA,45.509,66.843,55.638,8.467,25.258,33.978,29.993,3.484,51.072,66.371,58.165,5.724,NA,NA,NA,NA,,141.072,156.371,148.165,,,148.165,2.585967086,
Wooster,OBS2,40.775295,-81.920004,6,28,2018,14,4,,,C2_062818_14.04_for_60sec,yes,14:04,yes C2,1,1,5,10,506.667,625.333,567.2,44.556,749.333,822.667,785.6,25.853,0.834,1.435,1.161,0.25,49,70,58.7,7.675,31.693,45.976,39.532,6.132,0,45.976,19.766,21.233,NA,NA,NA,NA,31.693,45.976,39.532,6.132,31.053,37.994,34.49,2.956,34.287,75.379,60.571,15.975,NA,NA,NA,NA,,124.287,165.379,150.571,,,150.571,2.627959708,
Wooster,OBS2,40.775295,-81.920004,6,28,2018,14,10,,,C3_062818_14.10_for_60sec,yes,14.1,yes C3,1,1,5,10,826.693,865.405,848.297,12.363,413.346,464.546,433.452,16.212,0,0,0,0,28,88,52.9,19.689,28.063,37.567,32.669,4.054,0,37.567,16.334,17.429,NA,NA,NA,NA,28.063,37.567,32.669,4.054,NA,NA,NA,NA,97.125,151.39,127.612,24.844,NA,NA,NA,NA,,187.125,241.39,217.612,,,217.612,3.798045892,
Wooster,OBS2,40.775295,-81.920004,6,28,2018,14,10,,,C3_062818_14.10_for_60sec,yes,14.1,no,2,2,6,12,922.849,1030.244,987.785,31.887,384.624,462.049,423.753,21.73,0,0,0,0,26,142,46.583,32.321,41.978,57.944,51.394,7.004,0,57.944,25.697,27.252,NA,NA,NA,NA,41.978,57.944,51.394,7.004,NA,NA,NA,NA,-1.507,42.357,27.862,16.32,NA,NA,NA,NA,,88.493,132.357,117.862,,,117.862,2.057079963,
Wooster,OBS2,40.775295,-81.920004,6,28,2018,14,10,,,C3_062818_14.10_for_60sec,yes,14.1,no,3,3,6,12,478,594,532.5,35.862,595,691,643.167,23.652,0,0,0,0,19,111,37.833,23.954,41.773,59.548,46.679,6.519,0,59.548,23.339,24.77,NA,NA,NA,NA,41.773,59.548,46.679,6.519,NA,NA,NA,NA,-15.945,52.125,32.651,24.611,NA,NA,NA,NA,,74.055,142.125,122.651,,,122.651,2.140663781,
Wooster,OBS2,40.775295,-81.920004,6,28,2018,14,13,,,C4_062818_14.13_for_60sec,yes,14:13,yes C4,1,1,6,12,472,528,497,19.212,700,810,739.5,33.261,1.535,2.469,2.013,0.341,19,54,36.25,12.418,33.526,53.814,48.247,7.762,0,53.814,24.124,25.734,NA,NA,NA,NA,33.526,53.814,48.247,7.762,21.122,28.796,24.084,2.766,48.013,85.601,65.515,14.882,NA,NA,NA,NA,,138.013,175.601,155.515,,,155.515,2.714248786,
Wooster,OBS2,40.775295,-81.920004,6,28,2018,14,13,,,C4_062818_14.13_for_60sec,yes,14:13,no,2,2,5,10,776,1002,894.8,72.266,560,684,619.8,39.547,1.268,1.768,1.502,0.202,15,71,47.4,17.658,46.861,70.767,60.993,9.842,0,70.767,30.496,32.809,NA,NA,NA,NA,46.861,70.767,60.993,9.842,36.959,44.464,40.553,3.002,39.174,50.711,45.291,5.003,NA,NA,NA,NA,,129.174,140.711,135.291,,,135.291,2.361273398,
Wooster,OBS2,40.775295,-81.920004,6,28,2018,14,13,,,C4_062818_14.13_for_60sec,yes,14:13,yes,3,3,7,12,408,1022,535.833,219.994,452,560,483,29.027,0,1.435,0.91,0.644,42,72,53.75,8.812,0,55.027,35.225,24.612,0,55.027,20.548,25.679,NA,NA,NA,NA,40,55.027,49.315,6.331,34.849,43.399,39.033,3.941,19.093,36.87,27.478,8.959,NA,NA,NA,NA,,109.093,126.87,117.478,,,117.478,2.050377899,
Wooster,OBS2,40.775295,-81.920004,6,28,2018,14,13,,,C4_062818_14.13_for_60sec,yes,14:13,yes,4,4,3,6,460,528,501.556,25.318,661.333,716,690.444,20.8,1.335,1.702,1.502,0.186,24,42,35,7.874,39.643,67.105,52.242,13.87,0,67.105,26.121,29.929,NA,NA,NA,NA,39.643,67.105,52.242,13.87,27.002,50.279,35.55,12.81,40.972,43.919,42.388,1.477,NA,NA,NA,NA,,130.972,133.919,132.388,,,132.388,2.31060649,
Wooster,OBS2,40.775295,-81.920004,6,28,2018,14,20,,,C5_062818_14.20_for_60sec,yes,14.2,yes C5,1,1,4,8,250,491,412.875,93.74,706,852,796.5,45.23,0,0,0,0,15,59,42,15.014,27.313,84.309,51.861,23.865,0,84.309,25.931,31.821,NA,NA,NA,NA,27.313,84.309,51.861,23.865,NA,NA,NA,NA,38.66,67.694,55.083,14.231,NA,NA,NA,NA,,128.66,157.694,145.083,,,145.083,2.532176039,
Wooster,OBS2,40.775295,-81.920004,6,28,2018,14,20,,,C5_062818_14.20_for_60sec,yes,14.2,yes,2,2,3,6,721.333,782.667,741.778,24.552,768,818.667,788.444,18.295,0,0,0,0,40,59,48.667,6.088,33.012,64.111,46.603,15.915,0,64.111,23.302,27.439,NA,NA,NA,NA,33.012,64.111,46.603,15.915,NA,NA,NA,NA,16.928,46.637,34.075,15.376,NA,NA,NA,NA,,106.928,136.637,124.075,,,124.075,2.165517269,
Wooster,OBS2,40.775295,-81.920004,6,28,2018,14,23,,,C6_062818_14.23_for_60sec,yes,14.23,yes C6,1,1,5,10,328,442,384.8,35.026,708,792,749.6,29.33,1.368,1.735,1.582,0.147,29,55,42.2,9.367,67.231,78.816,72.806,4.489,0,78.816,36.403,38.489,NA,NA,NA,NA,67.231,78.816,72.806,4.489,42.923,51.729,46.242,3.683,30.379,54.293,43.163,10.341,NA,NA,NA,NA,,120.379,144.293,133.163,,,133.163,2.324132792,
Wooster,OBS2,40.775295,-81.920004,6,28,2018,14,27,,,C7_062818_14.27_for_60sec,yes,14.27,yes C7,1,1,12,24,330,413.333,384.028,23.972,570.667,714,632.806,31.643,1.101,1.802,1.429,0.214,33,80,48.292,9.666,27.358,69.793,49.09,11.791,0,69.793,24.545,26.365,NA,NA,NA,NA,27.358,69.793,49.09,11.791,24.846,41.834,34.098,5.053,32.619,65.854,48.069,9.986,NA,NA,NA,NA,,122.619,155.854,138.069,,,138.069,2.409758645,
Wooster,OBS2,40.775295,-81.920004,6,28,2018,14,27,,,C7_062818_14.27_for_60sec,yes,14.27,no,2,2,5,10,454.667,556,518.4,32.822,697.333,812,762.533,41.074,1.268,1.935,1.608,0.271,30,54,41,7.165,30.667,55.201,47.155,10.308,0,55.201,23.578,25.786,NA,NA,NA,NA,30.667,55.201,47.155,10.308,21.883,43.536,29.832,8.306,0,52.853,27.889,19.331,NA,NA,NA,NA,,90,142.853,117.889,,,117.889,2.057551202,
Wooster,OBS2,40.775295,-81.920004,6,28,2018,14,27,,,C7_062818_14.27_for_60sec,yes,14.27,yes,3,3,4,8,702.667,845,777.167,59.519,484,587,537.292,32.316,1.368,2.035,1.702,0.278,27,59,40.875,9.372,38.471,66.212,53.474,12.505,0,66.212,26.737,29.733,NA,NA,NA,NA,38.471,66.212,53.474,12.505,21.754,37.249,31.713,6.916,60.489,64.983,62.399,1.876,NA,NA,NA,NA,,150.489,154.983,152.399,,,152.399,2.659864327,
Wooster,OBS2,40.775295,-81.920004,6,28,2018,14,30,,,C8_062818_14.30_for_60sec,yes,14.3,yes C8,1,1,6,12,652.667,744.667,690.667,29.004,678.667,802.667,743.333,33.1,0.901,2.135,1.746,0.432,38,172,58.333,36.527,38.181,65.02,55.462,11.033,0,65.02,27.731,29.904,NA,NA,NA,NA,38.181,65.02,55.462,11.033,26.325,42.381,32.713,5.814,15.461,65.225,43.177,16.876,NA,NA,NA,NA,,105.461,155.225,133.177,,,133.177,2.324377138,
Wooster,OBS2,40.775295,-81.920004,6,28,2018,14,30,,,C8_062818_14.30_for_60sec,yes,14.3,yes,2,2,7,14,632.667,752.667,678.762,33.038,798.667,896,841.905,29.569,1.134,1.735,1.44,0.255,27,55,40.071,8.74,37.571,55.313,49.496,5.86,0,55.313,24.748,25.989,NA,NA,NA,NA,37.571,55.313,49.496,5.86,29.262,45.897,34.959,5.401,-11.31,50.194,21.718,21.681,NA,NA,NA,NA,,78.69,140.194,111.718,,,111.718,1.949846934,
Wooster,OBS2,40.775295,-81.920004,6,28,2018,14,30,,,C8_062818_14.30_for_60sec,yes,14.3,yes,3,3,4,8,771.333,874,824.167,37.087,773.333,842.667,806.5,20.772,1.268,1.702,1.476,0.224,23,55,40.125,11.218,38.482,53.946,47.827,6.594,0,53.946,23.913,25.926,NA,NA,NA,NA,38.482,53.946,47.827,6.594,29.942,38.365,32.59,3.923,14.036,50.013,31.88,14.816,NA,NA,NA,NA,,104.036,140.013,121.88,,,121.88,2.127207292,
Wooster,OBS2,40.775295,-81.920004,6,28,2018,14,30,,,C8_062818_14.30_for_60sec,yes,14.3,yes,4,4,4,8,580,720,633.167,48.831,364,421.333,393.833,18.099,0.601,1.001,0.826,0.171,45,91,62.375,15.023,34.59,56.647,43.106,10.246,0,56.647,21.553,23.998,NA,NA,NA,NA,34.59,56.647,43.106,10.246,43.194,62.878,52.752,9.915,26.565,40.236,30.23,6.687,NA,NA,NA,NA,,116.565,130.236,120.23,,,120.23,2.09840936,
Wooster,OBS2,40.775295,-81.920004,6,28,2018,14,40,,,C9_062818_14.40_for_60sec,yes,14.4,yes C9,1,1,5,10,824,888,857.133,24.152,638,722,693.333,25.485,1.201,1.635,1.388,0.176,41,59,52.4,6.433,40.901,60.868,50.273,7.749,0,60.868,25.136,26.995,NA,NA,NA,NA,40.901,60.868,50.273,7.749,28.507,40.24,36.356,4.534,19.026,40.101,31.158,8.013,NA,NA,NA,NA,,109.026,130.101,121.158,,,121.158,2.114606015,
Wooster,OBS2,40.775295,-81.920004,6,28,2018,14,40,,,C9_062818_14.40_for_60sec,yes,14.4,yes,2,2,9,18,302.667,416,358.667,35.113,659.333,775.333,713.481,34.727,1.134,1.535,1.379,0.129,26,132,55.278,23.242,42.937,66.426,54.468,7.237,0,66.426,27.234,28.46,NA,NA,NA,NA,42.937,66.426,54.468,7.237,32.17,44.054,39.504,3.667,13.392,47.203,29.381,12.179,NA,NA,NA,NA,,103.392,137.203,119.381,,,119.381,2.083591514,
Wooster,OBS2,40.775295,-81.920004,6,28,2018,14,40,,,C9_062818_14.40_for_60sec,yes,14.4,no,3,3,4,8,552,720,650.833,57.519,480.667,575.333,519,29.227,0.501,1.201,0.843,0.33,44,76,54.75,10.025,28.032,56.851,44.323,13.659,0,56.851,22.161,25.323,NA,NA,NA,NA,28.032,56.851,44.323,13.659,47.328,60.152,53.99,5.438,27.824,87.274,50.569,26.226,NA,NA,NA,NA,,117.824,177.274,140.569,,,140.569,2.453391876,
Wooster,OBS2,40.775295,-81.920004,6,28,2018,14,41,,,C10_062818_14.41_for_60sec,yes,14.41,yes C10,1,1,8,16,320,484,405.958,41.786,590,904,689.333,106.713,1.068,1.802,1.435,0.285,27,66,49.125,10.782,43.081,67.676,51.676,8.124,0,67.676,25.838,27.256,NA,NA,NA,NA,43.081,67.676,51.676,8.124,25.645,45.729,36.838,6.653,21.801,43.831,34.147,6.959,NA,NA,NA,NA,,111.801,133.831,124.147,,,124.147,2.166773906,
Wooster,OBS2,40.775295,-81.920004,6,28,2018,14,41,,,C10_062818_14.41_for_60sec,yes,14.41,yes,2,2,5,10,697.333,801.333,730.8,31.348,720,882.667,811.6,62.191,0.834,1.535,1.148,0.26,38,68,52.4,10.146,36.878,61.637,47.659,9.036,0,61.637,23.83,25.831,NA,NA,NA,NA,36.878,61.637,47.659,9.036,35.653,53.229,42.167,6.602,38.853,49.399,42.806,4.096,NA,NA,NA,NA,,128.853,139.399,132.806,,,132.806,2.317901966,
Wooster,OBS2,40.775295,-81.920004,6,28,2018,14,41,,,C10_062818_14.41_for_60sec,yes,14.41,no,3,3,4,8,236,452,325.333,76.892,722.667,856,781,41.543,1.168,2.069,1.543,0.382,35,49,42.625,4.897,38.204,82.149,57.064,19.615,0,82.149,28.532,33.095,NA,NA,NA,NA,38.204,82.149,57.064,19.615,27.261,40.792,36.637,6.304,42.614,76.866,60.917,14.092,NA,NA,NA,NA,,132.614,166.866,150.917,,,150.917,2.633998547,
Wooster,OBS2,40.775295,-81.920004,6,28,2018,14,41,,,C10_062818_14.41_for_60sec,yes,14.41,yes,4,4,7,14,580,676,632.095,26.929,525.333,658.667,585.143,41.526,0.968,1.468,1.12,0.175,34,77,49,10.627,40.552,57.581,48.624,5.949,0,57.581,24.312,25.552,NA,NA,NA,NA,40.552,57.581,48.624,5.949,39.204,50.832,43.728,4.324,9.462,63.435,35.352,17.988,NA,NA,NA,NA,,99.462,153.435,125.352,,,125.352,2.187805124,
Wooster,OBS2,40.775295,-81.920004,6,28,2018,14,42,,,C11_062818_14.42_for_60sec,yes,14.42,yes C11,1,1,8,16,465.333,730.667,569.417,66.017,676.667,843.333,728.417,47.166,1.101,1.602,1.356,0.161,23,65,47.312,11.217,27.487,50.684,40.343,6.818,0,50.684,20.171,21.347,NA,NA,NA,NA,27.487,50.684,40.343,6.818,20.595,37.83,30.047,5.659,1.507,39.806,22.603,11.479,NA,NA,NA,NA,,91.507,129.806,112.603,,,112.603,1.965293098,
Wooster,OBS2,40.775295,-81.920004,6,28,2018,14,42,,,C11_062818_14.42_for_60sec,yes,14.42,yes,2,2,9,18,625.333,800,709.037,54.312,752.667,916.667,822.889,45.021,0.734,1.368,1.142,0.19,33,82,56.944,13.269,29.963,66.68,43.96,10.797,0,66.68,21.98,23.799,NA,NA,NA,NA,29.963,66.68,43.96,10.797,27.212,48.741,38.631,6.763,11.535,72.121,37.244,18.555,NA,NA,NA,NA,,101.535,162.121,127.244,,,127.244,2.220826753,
Wooster,OBS2,40.775295,-81.920004,6,28,2018,14,42,,,C11_062818_14.42_for_60sec,yes,14.42,no,3,3,4,8,538.667,850.667,677.667,109.776,384.667,592.667,483.5,75.231,1.335,1.969,1.518,0.304,51,76,61.875,8.476,43.081,63.386,54.249,8.551,0,63.386,27.124,29.533,NA,NA,NA,NA,43.081,63.386,54.249,8.551,26.99,44.179,36.613,8.356,59.265,72.474,66.922,5.531,NA,NA,NA,NA,,149.265,162.474,156.922,,,156.922,2.738805569,
Wooster,OBS2,40.775295,-81.920004,6,28,2018,14,42,,,C11_062818_14.42_for_60sec,yes,14.42,no,4,4,4,8,345.333,396,372.833,17.207,720.667,803.333,755.833,28.4,1.201,1.935,1.543,0.336,20,48,35,10.433,32.111,48.314,39.377,6.937,0,48.314,19.689,21.532,NA,NA,NA,NA,32.111,48.314,39.377,6.937,21.09,28.391,25.847,3.248,38.367,62.021,50.682,9.94,NA,NA,NA,NA,,128.367,152.021,140.682,,,140.682,2.455364098,
Wooster,OBS2,40.775295,-81.920004,6,28,2018,14,44,,,C12_062818_14.44_for_60sec,yes,14.44,yes,1,1,5,10,672,844,758.4,52.961,555.333,658,610.8,33.954,0,0,0,0,30,65,48.6,12.851,45.976,65.605,53.961,7.139,0,65.605,26.98,28.835,NA,NA,NA,NA,45.976,65.605,53.961,7.139,NA,NA,NA,NA,29.539,47.045,37.924,8.052,NA,NA,NA,NA,,119.539,137.045,127.924,,,127.924,2.232694992,
Wooster,OBS2,40.775295,-81.920004,6,28,2018,14,44,,,C12_062818_14.44_for_60sec,yes,14.44,yes C12,2,2,4,8,404,548,475.5,48.568,728.667,812.667,761,30.941,0,0,0,0,42,217,74.375,57.97,53.93,71.678,62.417,7.269,0,71.678,31.209,33.701,NA,NA,NA,NA,53.93,71.678,62.417,7.269,NA,NA,NA,NA,-11.07,-4.97,-8.552,2.605,NA,NA,NA,NA,,78.93,85.03,81.448,,,81.448,1.421535769,
Wooster,OBS2,40.775295,-81.920004,6,28,2018,14,44,,,C12_062818_14.44_for_60sec,yes,14.44,no,3,3,7,14,428,636,516.857,82.582,643.333,782,707.524,41.268,0,0,0,0,40,86,55.643,12.188,40.552,65.347,53.576,10.197,0,65.347,26.788,28.649,NA,NA,NA,NA,40.552,65.347,53.576,10.197,NA,NA,NA,NA,46.332,88.831,71.751,13.253,NA,NA,NA,NA,,136.332,178.831,161.751,,,161.751,2.823087518,
,,40.775295,-81.920004,6,,,,,,,,,,,,,,,,,,,,,,,,,,,,,,,,,,,,,,,,,,,,,,,,,,,,,,,,,,,,90,90,90,,,90,1.570796327,1
Wooster,OBS2,40.775295,-81.920004,6,25,2018,14,12,,,C2_062518_14.36_for_60sec,yes,14.36,yes C2,1,1,4,8,432,493,459.125,21.788,617,674,650.25,19.009,1.368,1.735,1.535,0.157,31,48,36.5,5.632,35.384,62.482,45.642,12.222,0,62.482,22.821,25.675,NA,NA,NA,NA,35.384,62.482,45.642,12.222,24.101,36.011,29.62,6.34,35.362,50.194,43.75,6.374,NA,NA,NA,NA,,125.362,140.194,133.75,,,133.75,2.334377875,
Wooster,OBS2,40.775295,-81.920004,6,25,2018,14,12,,,C2_062518_14.36_for_60sec,yes,14.36,yes   ,2,2,4,8,411,495,461.625,27.974,668,772,731.25,34.878,0.767,2.035,1.468,0.526,38,56,46.25,6.882,33.422,77.078,56.3,18.298,0,77.078,28.15,32.39,NA,NA,NA,NA,33.422,77.078,56.3,18.298,35.758,43.55,39.003,3.292,38.928,72.255,52.552,14.424,NA,NA,NA,NA,,128.928,162.255,142.552,,,142.552,2.488001755,
Wooster,OBS2,40.775295,-81.920004,6,25,2018,14,12,,,C2_062518_14.36_for_60sec,yes,14.36,yes   ,3,3,5,10,485,662,564.7,54.616,559,675,626.6,34.261,1.168,1.368,1.275,0.09,37,69,58.3,9.286,42.802,59.363,48.629,7.094,0,59.363,24.314,26.062,NA,NA,NA,NA,42.802,59.363,48.629,7.094,34.67,43.393,38.037,3.408,13.241,63.435,45.961,19.737,NA,NA,NA,NA,,103.241,153.435,135.961,,,135.961,2.372967104,
Wooster,OBS2,40.775295,-81.920004,6,25,2018,14,18,,,C4_062518_14.42_for_60sec,yes,14.42,yes C4,1,1,8,15,387,923,477.933,125.835,591,825,643.467,55.604,0,1.902,1.339,0.569,45,75,54.933,8.388,0,49,35.809,15.076,0,49,19.098,21.344,NA,NA,NA,NA,34.525,49,40.924,4.573,22.494,30.361,26.905,2.86,73.686,112.62,91.395,16.169,NA,NA,NA,NA,,163.686,202.62,181.395,,,181.395,3.165939997,
Wooster,OBS2,40.775295,-81.920004,6,25,2018,14,18,,,C4_062518_14.42_for_60sec,yes,14.42,yes,2,2,4,8,372,526,439.5,55.493,350,902,689.917,220.902,0.734,1.468,1.176,0.335,34,64,48.125,10.535,36.715,61.391,49.393,10.313,0,61.391,24.697,27.251,NA,NA,NA,NA,36.715,61.391,49.393,10.313,37.385,50.016,42.992,5.235,75.256,119.358,91.21,20.249,NA,NA,NA,NA,,165.256,209.358,181.21,,,181.21,3.162711138,
Wooster,OBS2,40.775295,-81.920004,6,25,2018,14,18,,,C4_062518_14.42_for_60sec,yes,14.42,yes,3,3,5,10,501.167,552,531.433,18.31,913.5,952,936.633,12.766,0.534,0.934,0.747,0.145,27,48,34.8,6.546,15.902,35.559,26.265,8.859,0,35.559,13.132,15.05,NA,NA,NA,NA,15.902,35.559,26.265,8.859,26.447,43.458,34.538,6.711,-73.301,-8.973,-32.331,24.984,NA,NA,NA,NA,,16.699,81.027,57.669,,,57.669,1.006513926,
Wooster,OBS2,40.775295,-81.920004,6,25,2018,14,20,,,C5_062518_14.46_for_60sec,yes,14.46,yes C5,1,1,7,16,520,656,590.333,46.882,412.667,574,490.667,46.536,1.368,4.605,2.012,1.161,37,76,55.375,11.523,45.509,130.613,68.495,28.701,0,80.587,31.437,30.952,NA,NA,NA,NA,25.157,72.197,53.274,13.301,18.389,42.13,33.829,6.759,-122.005,94.399,59.269,68.784,-172.77,162.415,-5.177,237.012,,327.995,184.399,149.269,,,149.269,2.605235521,
Wooster,OBS2,40.775295,-81.920004,6,25,2018,14,20,,,C5_062518_14.46_for_60sec,yes,14.46,yes,2,2,7,14,349,692,498.643,114.997,680,881,779.429,66.413,0.467,1.368,1.02,0.333,26,52,38.429,8.437,27.785,53.339,40.824,8.09,0,53.339,20.412,21.884,NA,NA,NA,NA,27.785,53.339,40.824,8.09,29.566,59.48,42.984,11.781,23.629,81.469,53.506,18.338,NA,NA,NA,NA,,113.629,171.469,143.506,,,143.506,2.504652196,
Wooster,OBS2,40.775295,-81.920004,6,25,2018,14,20,,,C5_062518_14.46_for_60sec,yes,14.46,yes,3,3,3,6,1138.667,1177.333,1157.111,13.712,545.333,622.667,586,27.4,1.568,1.835,1.702,0.133,24,111,54,33.22,39.643,56.253,46.476,8.688,0,56.253,23.238,26.042,NA,NA,NA,NA,39.643,56.253,46.476,8.688,21.602,35.871,27.685,7.363,58.57,70.346,63.856,5.98,NA,NA,NA,NA,,148.57,160.346,153.856,,,153.856,2.685293774,
Wooster,OBS2,40.775295,-81.920004,6,25,2018,14,20,,,C5_062518_14.46_for_60sec,yes,14.46,no,4,4,4,9,920,1031.5,958.667,39.534,524,597.5,555.741,25.196,0.934,1.902,1.527,0.456,9,49,32.444,12.451,40,56.002,46.472,7.138,0,56.002,20.654,24.88,NA,NA,NA,NA,0,56.002,37.177,21.682,0,1263.646,269.45,555.906,0,55.305,35.996,22.058,55.305,55.305,55.305,NA,,90,145.305,125.996,,,125.996,2.199045044,
Wooster,OBS2,40.775295,-81.920004,6,25,2018,14,20,,,C6_062518_14.46_for_60sec,yes,14.46,yes C6,1,1,7,14,498.667,614.667,550.857,34.902,423.333,534,487.429,32.401,1.201,1.435,1.349,0.103,37,84,55.286,15.254,37.357,53.946,48.453,5.308,0,53.946,24.226,25.398,NA,NA,NA,NA,37.357,53.946,48.453,5.308,31.1,40.037,35.904,2.83,28.61,67.38,50.725,12.044,NA,NA,NA,NA,,118.61,157.38,140.725,,,140.725,2.45611459,
Wooster,OBS2,40.775295,-81.920004,6,25,2018,14,20,,,C6_062518_14.46_for_60sec,yes,14.46,yes,2,2,4,8,620,802.667,724.5,72.495,544.667,779.333,652.167,91.88,0.934,1.602,1.351,0.29,40,72,53.25,10.964,36.878,44.801,41.488,3.709,0,44.801,20.744,22.309,NA,NA,NA,NA,36.878,44.801,41.488,3.709,27.321,39.473,31.57,5.581,40.601,74.578,57.441,14.218,NA,NA,NA,NA,,130.601,164.578,147.441,,,147.441,2.573330902,
Wooster,OBS2,40.775295,-81.920004,6,25,2018,14,20,,,C6_062518_14.46_for_60sec,yes,14.46,no,3,3,4,8,308,365,331.583,18.293,686,744,712.708,18.611,0.868,1.702,1.293,0.39,23,68,42.75,14.32,26.667,36.125,32.449,4.182,0,36.125,16.225,17.56,NA,NA,NA,NA,26.667,36.125,32.449,4.182,20.441,30.738,26.223,5.055,24.444,71.565,47.693,19.805,NA,NA,NA,NA,,114.444,161.565,137.693,,,137.693,2.403196207,
Wooster,OBS2,40.775295,-81.920004,6,25,2018,14,30,,,C7_062518_14.54_for_60sec,yes,14.54,yes C7,1,1,5,10,295,375,330.2,28.491,591,721,647.4,38.176,0.868,1.235,1.048,0.139,19,105,47.2,26.444,34.409,52.01,44.727,7.441,0,52.01,22.364,24.089,NA,NA,NA,NA,34.409,52.01,44.727,7.441,32.226,48.482,42.933,6.464,37.972,71.996,53.319,13.73,NA,NA,NA,NA,,127.972,161.996,143.319,,,143.319,2.501388431,
Wooster,OBS2,40.775295,-81.920004,6,25,2018,14,30,,,C7_062518_14.54_for_60sec,yes,14.54,yes,2,2,6,12,904,1025.333,964.222,39.63,512.667,650,594.333,37.691,1.902,2.536,2.247,0.219,31,79,60.917,13.701,53.748,81.169,62.631,10.191,0,81.169,31.316,33.422,NA,NA,NA,NA,53.748,81.169,62.631,10.191,22.782,32.008,27.849,3.022,55.923,75.735,66.04,7.898,NA,NA,NA,NA,,145.923,165.735,156.04,,,156.04,2.723411765,
Wooster,OBS2,40.775295,-81.920004,6,25,2018,14,30,,,C7_062518_14.54_for_60sec,yes,14.54,yes,3,3,5,10,586.667,772,703.467,65.598,403.333,695.333,552.4,85.152,1.201,2.102,1.622,0.366,26,65,49.6,14.585,31.127,63.217,47.379,14.275,0,63.217,23.69,26.723,NA,NA,NA,NA,31.127,63.217,47.379,14.275,25.913,32.182,28.801,2.762,46.736,67.38,58.635,7.976,NA,NA,NA,NA,,136.736,157.38,148.635,,,148.635,2.594170134,
Wooster,OBS2,40.775295,-81.920004,6,25,2018,14,30,,,C7_062518_14.54_for_60sec,yes,14.54,no,4,4,5,10,702.667,753.333,730,16.868,687.333,763.333,724.667,23.4,1.435,1.869,1.635,0.175,43,106,54.4,18.68,35.201,55.825,47.085,8.424,0,55.825,23.543,25.444,NA,NA,NA,NA,35.201,55.825,47.085,8.424,24.534,31.373,28.636,2.631,49.844,62.103,54.724,5.462,NA,NA,NA,NA,,139.844,152.103,144.724,,,144.724,2.525910307,
Wooster,OBS2,40.775295,-81.920004,6,25,2018,14,36,,,C8_062518_15.00_for_60sec,yes,15,yes C8,1,1,6,12,258.667,424,345.556,49.934,741.333,922.667,790.889,54.765,1.168,2.035,1.646,0.33,31,44,38.25,4.693,36.782,75.637,60.702,13.726,0,75.637,30.351,33.024,NA,NA,NA,NA,36.782,75.637,60.702,13.726,31.452,48.523,37.015,6.341,12.407,43.531,27.702,13.272,NA,NA,NA,NA,,102.407,133.531,117.702,,,117.702,2.054287436,
Wooster,OBS2,40.775295,-81.920004,6,25,2018,14,36,,,C8_062518_15.00_for_60sec,yes,15,yes,2,2,6,11,448,1170.5,819.409,197.937,462,653.333,569.742,66.994,0,1.635,0.945,0.578,33,64,44.636,9.277,0,61.072,39.114,21.015,0,61.072,21.335,25.26,NA,NA,NA,NA,34.15,61.072,46.937,9.647,32.212,57.555,43.416,9.997,21.501,38.66,32.169,6.975,NA,NA,NA,NA,,111.501,128.66,122.169,,,122.169,2.132251294,
Wooster,OBS2,40.775295,-81.920004,6,25,2018,14,46,,,C9_062518_15.10_for_60sec,yes,15.1,yes C9,1,1,9,18,462.667,662.667,566.296,59.576,590.667,829.333,728.593,69.376,1.268,2.236,1.917,0.333,22,82,52.278,12.924,49.351,89.81,68.875,14.452,0,89.81,34.437,36.796,NA,NA,NA,NA,49.351,89.81,68.875,14.452,23.11,41.893,36.303,6.262,14.744,49.185,33.825,10.711,NA,NA,NA,NA,,104.744,139.185,123.825,,,123.825,2.161153946,
Wooster,OBS2,40.775295,-81.920004,6,25,2018,14,46,,,C9_062518_15.10_for_60sec,yes,15.1,yes,2,2,6,12,313.333,684,504,138.872,244,653.333,415.556,129.058,0.534,2.035,1.49,0.536,27,59,44.833,10.116,33.119,56.96,45.197,8.754,0,56.96,22.599,24.33,NA,NA,NA,NA,33.119,56.96,45.197,8.754,23.723,62.037,34.129,13.949,20.556,77.661,44.111,21.608,NA,NA,NA,NA,,110.556,167.661,134.111,,,134.111,2.340678513,
Wooster,OBS2,40.775295,-81.920004,6,25,2018,14,50,,,C10_062518_15.14_for_60sec,yes,,,,,,,,,,,,,,,,,,,,,,,,,,,,,,,,,,,,,,,,,,,,,,,,,,,,90,90,90,,,90,1.570796327,1
,,40.775295,-81.920004,,,,,,,,,,,,,,,,,,,,,,,,,,,,,,,,,,,,,,,,,,,,,,,,,,,,,,,,,,,,,90,90,90,,,90,1.570796327,1
Wooster,OBS2,40.775295,-81.920004,6,25,2018,14,52,,,C11_062518_15.16_for_60sec,yes,,,,,,,,,,,,,,,,,,,,,,,,,,,,,,,,,,,,,,,,,,,,,,,,,,,,90,90,90,,,90,1.570796327,1
,,40.775295,-81.920004,,,,,,,,,,,,,,,,,,,,,,,,,,,,,,,,,,,,,,,,,,,,,,,,,,,,,,,,,,,,,90,90,90,,,90,1.570796327,1
Wooster,OBS2,40.775295,-81.920004,6,25,2018,14,55,,,C12_062518_15.19_for_60sec,yes,,,,,,,,,,,,,,,,,,,,,,,,,,,,,,,,,,,,,,,,,,,,,,,,,,,,90,90,90,,,90,1.570796327,1
,,40.775295,-81.920004,,,,,,,,,,,,,,,,,,,,,,,,,,,,,,,,,,,,,,,,,,,,,,,,,,,,,,,,,,,,,90,90,90,,,90,1.570796327,1
,,40.775295,-81.920004,,,,,,,,,,,,,,,,,,,,,,,,,,,,,,,,,,,,,,,,,,,,,,,,,,,,,,,,,,,,,90,90,90,,,90,1.570796327,1
,,40.775295,-81.920004,,,,,,,,,,,,,,,,,,,,,,,,,,,,,,,,,,,,,,,,,,,,,,,,,,,,,,,,,,,,,90,90,90,,,90,1.570796327,1
,,40.775295,-81.920004,,,,,,,,,,,,,,,,,,,,,,,,,,,,,,,,,,,,,,,,,,,,,,,,,,,,,,,,,,,,,90,90,90,,,90,1.570796327,1
Wooster,OBS2,40.775295,-81.920004,7,12,2018,14,23,18,18,C1_071218_14.23_for_60sec,yes,14.23,yes C1,1,1,6,12,678,823.5,754.222,45.2,274.5,575.333,390.667,87.123,0.567,3.437,1.173,1.112,27,70,51.583,9.737,31.248,79.151,49.169,16.3,0,79.151,24.584,27.93,NA,NA,NA,NA,31.248,79.151,49.169,16.3,23.031,68.608,53.705,16.484,-172.405,168.111,-59.773,168.672,NA,NA,NA,NA,,277.595,258.111,30.227,,,30.227,0.527560673,
Wooster,OBS2,40.775295,-81.920004,7,12,2018,14,23,,,C1_071218_14.23_for_60sec,yes,14.23,no,2,2,5,10,693,859.333,761.5,54.369,532,609,563.567,22.958,3.437,3.804,3.644,0.142,31,61,49.6,8.303,74.041,88.057,82.565,5.376,0,88.057,41.283,43.663,NA,NA,NA,NA,74.041,88.057,82.565,5.376,19.991,24.878,22.706,1.988,147.633,176.424,163.635,10.314,NA,NA,NA,NA,,237.633,266.424,253.635,,,253.635,4.426765848,
Wooster,OBS2,40.775295,-81.920004,7,12,2018,14,23,,,C1_071218_14.23_for_60sec,yes,14.23,no,3,3,5,10,607,652,624.7,13.41,243.833,518,380.933,84.535,3.47,4.171,3.884,0.273,28,55,38.4,7.531,76.678,91.22,84.691,5.335,0,91.22,42.345,44.777,NA,NA,NA,NA,76.678,91.22,84.691,5.335,20.337,24.043,21.862,1.621,-102.665,-76.13,-90.606,10.454,NA,NA,NA,NA,,347.335,13.87,359.394,,,359.394,6.272608612,
Wooster,OBS2,40.775295,-81.920004,7,12,2018,14,24,,,C2_071218_14.24_for_60sec,yes,14.24,yes C2,1,1,6,12,993,1076,1037.667,25.511,633,697,665.583,19.261,0,0,0,0,22,87,63,15.261,40.46,60.216,50.916,7.385,0,60.216,25.458,27.052,NA,NA,NA,NA,40.46,60.216,50.916,7.385,NA,NA,NA,NA,14.323,44.193,31.971,10.592,NA,NA,NA,NA,,104.323,134.193,121.971,,,121.971,2.128795542,
Wooster,OBS2,40.775295,-81.920004,7,12,2018,14,24,,,C2_071218_14.24_for_60sec,yes,14.24,no,2,2,5,10,1206,1382,1281.533,57.718,497,589.333,538.7,26.082,0,0,0,0,51,78,65.8,8.443,62.097,86.885,77.965,11.384,0,86.885,38.982,41.786,NA,NA,NA,NA,62.097,86.885,77.965,11.384,NA,NA,NA,NA,158.962,171.87,166.11,4.726,NA,NA,NA,NA,,248.962,261.87,256.11,,,256.11,4.469962747,
Wooster,OBS2,40.775295,-81.920004,7,12,2018,14,24,,,C2_071218_14.24_for_60sec,yes,14.24,no,3,3,6,12,536,1044,783,185.68,586.667,733.333,675.222,51.788,0,0,0,0,30,70,54.5,13.16,49.405,102.537,69.775,19.16,0,102.537,34.888,38.661,NA,NA,NA,NA,49.405,102.537,69.775,19.16,NA,NA,NA,NA,-167.229,176.906,-104.673,138.014,NA,NA,NA,NA,,282.771,266.906,345.327,,,345.327,6.027093146,
Wooster,OBS2,40.775295,-81.920004,7,12,2018,14,27,,,C3_071218_14.27_for_60sec,yes,14.27,yes C3,1,1,6,12,730.667,880,794.333,46.669,482,610,558.083,39.026,0,0,0,0,40,63,53.083,6.445,46.69,59.405,54.429,4.632,0,59.405,27.215,28.596,NA,NA,NA,NA,46.69,59.405,54.429,4.632,NA,NA,NA,NA,32.8,53.902,44.504,6.894,NA,NA,NA,NA,,122.8,143.902,134.504,,,134.504,2.347537657,
Wooster,OBS2,40.775295,-81.920004,7,12,2018,14,27,,,C3_071218_14.27_for_60sec,yes,14.27,yes,2,2,8,16,1085,1271,1193.125,49.181,509,575,541.375,17.791,0,0,0,0,52,92,69.562,11.278,39.294,83.487,60,13.34,0,83.487,30,32.296,NA,NA,NA,NA,39.294,83.487,60,13.34,NA,NA,NA,NA,-178.059,178.238,-41.335,176.238,NA,NA,NA,NA,,271.941,268.238,48.665,,,48.665,0.8493644805,
Wooster,OBS2,40.775295,-81.920004,7,12,2018,14,27,,,C3_071218_14.27_for_60sec,yes,14.27,no,3,3,4,7,777,802,786.143,8.649,376,421,401,16.723,0,0,0,0,44,55,47.714,3.729,0,33.541,23.956,16.026,0,33.541,13.689,17.099,NA,NA,NA,NA,30.265,33.541,31.941,1.639,NA,NA,NA,NA,-116.565,-97.595,-106.21,9.604,NA,NA,NA,NA,,333.435,352.405,343.79,,,343.79,6.000267435,