"easting","northing"
428322.34142288,4512050.15192907
427998.573605701,4512091.98407498
428371.622840396,4511987.00439793
428157.287494283,4512108.96615458
428446.199949356,4512160.93163435
427892.175201687,4511859.92071256
428430.943645632,4512070.63764333
428344.115114574,4511854.69485584
427805.364648631,4512105.34978557
427389.50185301,4511913.69842234
428334.586240717,4511854.36610853
427860.185133265,4512055.49032784
428019.76846715,4512364.99239052
427810.514106292,4512427.14458225
428601.78215127,4512150.10419044
427515.055015167,4512147.31629146
428065.987848221,4512063.09567227
427493.670378444,4512042.45116532
428425.598096972,4512094.5886893
428021.155584768,4512153.13772785
428354.424553495,4511910.43148127
428268.119634207,4512154.62783442
428158.718939901,4512044.01954238
427702.35892386,4512069.04636954
428086.988489857,4512172.62967788
428591.630425824,4512101.54306271
428293.534344795,4511976.94402799
428123.402660657,4512275.66326659
427869.800500033,4512097.49153544
428001.664753352,4512064.06052845
427855.18122787,4512084.37687354
428250.233282828,4511860.54669708
428168.580720476,4511918.55663398
428232.457974799,4512172.26975932
428063.322840431,4511928.02586244
427971.014366664,4512226.35185815
428383.399700743,4512009.75625786
427805.846685048,4511997.63382672
427999.282343393,4511955.93067378
427572.797095848,4511841.72413986
427928.714094022,4512177.60735902
427811.514367646,4512098.55790994
427781.155691378,4511922.44522973
428174.274276897,4512143.10701682
428213.950258266,4512057.05153697
428081.832892612,4512075.18739301
428422.992131741,4512372.71975806
427590.010120016,4512269.15308016
428056.759845966,4512102.85666332
427776.84325581,4511817.052403
428131.798453116,4512102.90346034
427873.812798317,4512126.57379922
428064.152245539,4512127.11858303
428100.901888392,4512023.98714854
428445.47652523,4511862.47876306
428113.438857744,4512190.28345894
427795.378381624,4511875.59690735
428268.944941022,4511862.3656812
428210.305575418,4512137.29297747
428220.755558367,4512176.37231908
428239.673417992,4512053.0768254
427966.473790335,4511717.20093914
427675.183662933,4511800.47400681
427935.904018091,4512037.26655491
428177.149747633,4512257.50530348
427883.924369402,4512354.93651429
428096.915199896,4511948.40665052
427763.988157642,4512263.73974434
428040.895945504,4512023.03777902
427769.480643472,4512124.86719885
428201.117097443,4512014.62945797
427935.011632324,4511875.51376721
428046.334315314,4512039.00745143
428133.42253613,4512085.27585941
428108.464952349,4511942.52969086
428305.958741301,4512045.75684123
428165.245410334,4512253.54782889
428129.50529514,4512053.17231693
428140.79259261,4511913.1037193
428245.640659757,4512165.04675726
428339.549505276,4512051.50364248
427919.269035473,4512138.32754582
428208.63903208,4512312.84780111
428047.134335972,4512007.86937423
427094.30932018,4512006.01891286
428364.206422675,4511969.16539639
427981.657867718,4512121.52921917
428535.125392827,4512335.51109739
427343.472316784,4512162.21144659
428281.331252583,4512018.87628925
427890.272888485,4512372.96133776
428284.754604929,4511753.99796714
428141.547918678,4512151.75057487
427771.412271954,4512099.36092081
428295.794571959,4512193.57872579
427366.731163997,4512020.10591395
428292.893088499,4512038.77382732
428226.007285126,4512121.03324563
427765.055379112,4512075.10773509
427908.899379793,4512052.33468406
427887.710073483,4512130.39040471
428410.825575831,4512226.5572101
427895.152358429,4511995.90189694
427952.830277366,4512146.20580852
427947.926216953,4512147.81483289
428304.072591302,4512025.46954638
428560.243872552,4512130.97955585
428236.444487261,4511980.73951164
427644.029322916,4511907.42335392
428044.812673364,4512020.01486041
427648.571098076,4512102.80048143
428131.517263669,4511978.08649741
428518.102952401,4512166.89255124
428176.59731242,4511970.97154573
428053.645750482,4512099.49608157
428082.542880079,4511995.45573786
427915.336150174,4512188.08152541
427946.57301588,4512111.87906265
428109.074138389,4511825.08572065
427789.747457432,4511996.65310045
427882.933283472,4512281.10827139
427895.064128759,4512076.27679071
427815.809934351,4512188.17625489
428201.274568371,4511909.49937369
428266.349215532,4512163.44557553
428321.004000519,4511922.19704471
428500.771535526,4512118.98222279
427803.646648459,4512164.0885272
427996.039252329,4511926.77473261
427806.436642295,4512234.86258997
427061.07861776,4512368.91103648
428153.845268972,4512123.28336959
428210.42096648,4511873.62625662
427954.157714128,4512171.40654819
427984.095236448,4512113.9768576
428209.672523276,4512046.99386881
427731.224372571,4511959.15390551
428175.148330476,4512195.52132055
427799.853373032,4512080.41871125
428353.184722499,4512168.00877127
428209.713067022,4511834.11662754
428260.310736584,4512144.36398333
428451.059052363,4512220.38350486
427875.190130045,4512397.79101302
428633.752245581,4512132.86391758
427788.133903837,4511848.00405011
427459.568359676,4512063.67230016
428059.965190625,4511899.79685251
428549.170795093,4512216.32636003
427656.608315088,4512264.40073277
428364.155878476,4512299.3234545
427394.852799658,4512309.91836442
427866.028864609,4512032.41182193
427922.96969949,4511927.42932227
427939.718576453,4512045.29956822
428147.632104578,4511875.71572185
428062.594856639,4512113.77418783
427843.35029601,4512047.2893218
428603.84662246,4512372.5849395
428074.127101306,4512236.36800447
427544.982959578,4512034.87122585
428242.432879584,4512218.87168069
428048.057799404,4512091.69709008
427715.243936217,4511987.4549629
427973.350401353,4511964.93909916
427958.6401543,4511932.02456317
428222.497214254,4511972.38550975
428243.90579763,4511874.69786204
428137.777388211,4511959.84124966
428316.061621917,4512043.60231142
428235.622898717,4511906.92488597
428130.121335123,4512180.43286266
428520.259488074,4512113.67635072
428030.659285651,4512230.58836014
427760.218447476,4512309.96229189
428288.15959567,4512221.5899169
427744.344889141,4512076.17550919
427945.66088194,4512188.00086091
428067.826667808,4512009.38769063
427788.084032775,4512356.24543541
428374.377441397,4512115.76655385
428587.384189632,4512304.2676833
428194.561687159,4512202.13361487
428137.903051015,4512209.65747831
428066.11263076,4512171.34529306
428279.187916916,4511959.65805503
428030.568887095,4511953.94556322
427384.725706138,4512089.48283159
428081.897668799,4512159.95927497
428325.636442361,4512053.82979711
428188.575678587,4511906.17097487
427870.800047016,4512148.14111296
427704.048006478,4512464.32344998
428334.832834599,4512105.99573529
428206.476921677,4512297.24783984
427905.954457995,4512218.74638283
428019.373006107,4512236.66525356
428270.345989917,4512319.64724255
427613.872328382,4511923.85425901
427917.188230522,4511955.0888677
428156.688162994,4511977.21410333
427548.338544211,4512094.55954348
428083.56388642,4512096.44227556
428113.520959474,4512051.48373338
427935.49823367,4512125.14563679
428437.95001895,4512116.5374993
427805.883994523,4512002.66002737
428546.897914489,4512171.36460647
428259.281826778,4511871.11363148
428031.947519661,4511892.36091007
427877.507305712,4512193.22644786
428054.936756916,4512088.10130386
428081.107185315,4512040.24948392
427909.875967895,4511867.66573871
427750.193123304,4512066.65521204
428275.866936679,4512179.01818732
428192.557089724,4512241.52308151
427973.196287548,4511948.06973782
427802.054430148,4512121.60500048
428342.215215606,4512006.8944454
428221.153594703,4512160.19610093
428128.983922793,4512039.2179883
427973.036994685,4512214.41460625
428219.885943633,4512218.72583271
428432.415971769,4511922.50622403
427918.955860371,4512115.65205361
428174.078393385,4512171.78926455
427707.973948579,4512153.7927027
427674.822597933,4512113.08655456
428253.130474735,4511980.72215417
427852.449257899,4512021.657849
428209.590268585,4512116.14832325
428264.669888505,4512314.68633306
427531.691011596,4512131.78097295
428142.557696856,4512083.34879639
428136.944239386,4511954.13881876
428556.676725383,4512341.13544694
428042.035352757,4512024.32289264
428181.17497188,4512061.31886099
428274.485946443,4511646.09791061
428439.462518348,4512264.52456897
428537.942357737,4512082.42542857
427528.032843599,4512041.7294564
427864.881323551,4512118.6073123
427936.921841942,4511954.70873742
427777.586347185,4512198.37498796
428342.320695793,4511991.98874654
427729.149819866,4512097.94062839
428104.507460043,4511886.70155323
428150.991156618,4512114.19359375
428055.969185154,4512523.17772167
428090.354069386,4511936.92501423
427636.283190013,4512125.99308696
428361.157455114,4512318.70453385
428222.584566123,4512052.56638076
427978.972135729,4512100.35210876
427921.081510205,4511853.16362322
428216.992947276,4511996.59428879
428280.601231702,4512268.07123067
428015.338544098,4512115.62965014
428167.265067883,4512138.58994837
428293.193734903,4512144.31687359
427878.097738839,4512010.17968485
427995.838013402,4511898.27537115
428281.113695485,4512145.7369066
428110.616788423,4512180.06299627
428165.792286539,4512296.2548945
428007.049135346,4511857.92993116
428230.470846772,4512065.36233774
427680.09077868,4512089.17267444
428233.936108859,4512088.32854848
427941.811989328,4512353.55028621
428024.748113129,4511838.74179521
428059.056968328,4512004.06524587
428366.559754988,4512297.01015926
428360.206541505,4511819.64264323
427867.657587058,4512176.74542633
428051.092346926,4512149.04149175
427450.419072136,4512051.45564396
428252.99198783,4511891.35714325
428535.114139946,4511619.07625677
427991.104676006,4511918.2368157
428079.022564335,4512207.04556917
428179.823023261,4511932.51333419
428218.033957716,4512261.31822044
427948.474397256,4512069.94765315
428540.381327967,4512007.7751255
427969.703979413,4512107.29602356
427883.25064719,4512098.47148882
428120.136720132,4512136.45722339
428345.124699453,4512156.51039363
428432.541554802,4512306.55500737
428032.992405504,4511985.31660052
427653.371158376,4512043.56983868
428093.010978477,4512042.32515633
428025.585975858,4511945.01618674
428009.890381556,4512058.58751086
428131.646178863,4512115.48636783
428011.996731803,4512085.33404171
427493.687575753,4511821.34960067
427790.495292757,4512027.71252644
428644.396736066,4512365.10900773
428104.612201036,4511975.76232727
427669.455238548,4511754.12367432
428355.918718231,4511983.78549326
427651.191252987,4512096.72152082
428174.713104627,4512026.2749808
427688.377075025,4512107.77749775
428041.28900921,4512185.65033735
427917.132038732,4512085.39610351
427958.673639282,4512178.03278613
428048.289812655,4512191.69808892
428289.372067242,4511872.78858902
427560.210824045,4512304.21862546
427644.133059438,4512080.3105678
428338.204198938,4512192.58256201
427979.044694242,4511960.48079362
428111.106964886,4511952.94192086
427984.462308784,4511992.32604069
428682.843272928,4512221.05928663
428150.967471907,4512373.45342184
428209.530986385,4511907.61817788
428623.460621251,4512069.63251759
428589.501254328,4512225.32834247
428188.606947216,4512139.73830641
427880.001758097,4512056.16790345
427868.205390856,4511859.85465311
427762.484610175,4512082.62262191
427886.917402578,4512045.78789431
428192.546079243,4512231.94121572
427966.25239316,4512014.50235788
427965.537895198,4512141.83121748
428033.728293451,4511725.88691346
428081.052837806,4512194.96580761
428218.884894065,4512047.37630171
427880.150431168,4511958.32493129
428161.129580235,4512388.00022784
427925.728250103,4512018.32973271
427922.374334071,4511687.73806248
427767.244358286,4512290.96417678
428316.038614793,4512422.99984517
428037.762526725,4511873.8099408
428044.91613758,4512029.93357832
427692.036922338,4512036.02074134
428109.878868294,4512150.40702948
427655.392764578,4512052.34049913
428053.620049592,4512243.42683527
428025.357363306,4512260.06573236
427737.531332318,4512280.45677873
427809.698798222,4512099.56188467
428238.560174936,4512356.3525506
428222.63254952,4511839.50939043
428400.072665691,4511731.3415984
428567.301694344,4511913.98969804
427763.775974642,4511975.95058419
427647.492402966,4512038.50945359
427725.682141701,4511760.78194602
428014.419426001,4512167.272656
427812.281727973,4511913.81056006
428041.634648469,4512055.34366147
427951.6785802,4512043.45990197
427772.962717515,4511989.05301531
427989.81422238,4512134.96314335
427976.938858627,4512043.09362111
427656.444745493,4511868.96959217
428033.135042361,4512084.50073841
428027.953986119,4511978.64182584
427710.535495936,4512143.60251432
428153.61144722,4512002.39860563
427860.909629185,4512277.22929395
428082.631307502,4511889.38966873
427774.875670351,4512097.11242204
428284.839364583,4512374.18358717
428142.540766516,4512168.29876911
428612.89950516,4512330.63786757
428103.766081498,4512159.50048066
428495.859259603,4512239.69961488
428099.361437554,4512282.63545732
427825.956938252,4512022.58450955
428176.660637425,4511922.86235071
427827.966401695,4511830.35893205
427538.742496138,4512284.41243774
428075.870050619,4512153.64521242
427832.593987184,4512390.27356819
427702.308139042,4512002.5420341
428194.732888189,4512229.18030332
427939.405937349,4512231.3855059
428235.876450472,4512140.58987824
428285.847837924,4512175.72178062
427926.786024586,4512224.896053
428090.470424384,4511991.81997286
428140.174969689,4511809.22089346
427782.64750896,4512131.06425127
428214.342849515,4512385.28120424
427968.444368333,4511840.8598571
428223.334639276,4512025.15069829
428037.245229197,4512222.64223988
427966.517468692,4512062.44778573
428099.8062409,4511905.20268758
427735.48454274,4511907.39438813
427960.135282582,4511828.31129858
427863.163002604,4512199.41190302
427729.823440296,4511916.19700388
428020.800332446,4512080.3093149
428327.766002285,4511897.60663029
428416.741947127,4511961.97687969
428012.638418929,4512137.99604896
428208.705358682,4512081.31270917
428445.929229012,4511510.0736317
428150.271654656,4512349.22836074
428060.478099155,4512082.72661679
428290.622926487,4512070.86171916
427962.243266529,4512063.79630844
428356.105802449,4512384.96504911
428133.682273291,4512064.76577794
428204.582406832,4512036.48406945
427746.615084856,4512108.25355185
428022.306427834,4512084.76816318
427952.263047065,4512153.14325306
427956.300729172,4512078.06812015
427860.982364665,4512140.28658871
428456.79223274,4512209.28023581
427696.232787206,4512256.31785003
428182.063768539,4512394.32879147
428380.168562125,4512248.09458535
427777.117742235,4512182.50861279
427904.389349701,4512016.67722111
428118.599329882,4511974.9292217
428164.781133326,4512299.72814747
427845.365345097,4511897.70031499
427793.069056447,4512098.56830116
428253.529857045,4512206.59218118
428397.428242236,4512146.31388992
428039.433215652,4511912.55141914
428146.129001321,4512028.77132994
428247.123528216,4511997.00406845
428406.900601082,4512181.41537046
428245.022963059,4512175.70529373
427899.117494829,4511958.47390608
428062.060291257,4512085.84359238
427678.867069743,4512112.64373019
428309.373480683,4512019.14603448
428142.328067981,4512087.18070736
428609.548874678,4512230.01218153
427841.887979173,4512042.90618399
427936.177537222,4512147.23064345
428289.451388979,4512124.91931798
427637.766309248,4512183.69040703
428092.244587349,4511991.38709404
427948.425617587,4511615.90816912
428126.31998541,4511861.04393586
428013.94432383,4512255.77189715
427609.032968616,4512213.96411473
428011.985116096,4512158.85994681
428203.180940436,4512073.21072249
428247.870020923,4512004.65272562
427935.618849792,4512268.24256405
428143.675141033,4512205.19333244
428654.34386391,4511945.37452772
427801.052432532,4512084.9428992
428463.255937645,4512242.46096804
427974.096731237,4512113.88229589
428390.763860345,4511820.66174058
427638.300456012,4512115.96976154
427962.302513565,4512249.04249846
427755.390271433,4512097.67012501
428093.248192309,4511856.16274034
428119.485010045,4512102.78359461
427431.678021052,4511930.48204445
428145.642968042,4512194.41163134
427966.395716362,4511675.23898115
428277.852987024,4512200.39193788
427951.914203014,4512022.62692527
428173.460435325,4511997.56081227
427834.621550178,4512140.27908027
428103.114355315,4511788.22468848
427646.167584866,4512168.74617633
428452.30124445,4512207.65483716
427507.842648272,4511882.00994808
428031.668943567,4512041.73374873
428315.976105453,4512118.34829236
428199.20659104,4512134.25244142
427735.954389656,4512064.17883017
428427.132613531,4512073.1110495
428287.628458116,4512193.28245847
428219.034921925,4512158.8252948
428073.555396749,4511975.47004299
427973.032302342,4512040.58774398
427880.271417027,4512243.50410453
428121.123735447,4512118.93014817
428349.612728199,4512119.07578579
428153.845249408,4512041.99832165
427854.32668563,4511838.93799441
428300.724111226,4512067.06169215
428012.213370618,4512092.28374644
427805.167459287,4512031.35614044
428201.686732957,4512252.14755726
427957.29426719,4512024.21664714
427842.441980623,4511927.52847505
427941.075736356,4511924.07860526
428103.109633118,4512301.84366795
428034.700116744,4511895.50386017
428295.90330248,4512255.12969283
428484.512902642,4511865.08342024
428002.201650333,4511983.88655923
427685.194547193,4512137.15655265
427566.639369632,4512227.70787608
428014.139740591,4512104.48588519
428539.399620997,4512287.3296035
428098.016213683,4512264.40734537
428022.295359741,4511942.32210606
427925.889974537,4512244.95388014
427974.494298708,4511976.28523296
428404.180156086,4512153.20143438
428033.560573147,4512135.96217179
428182.078086095,4512072.87888018
427974.048235029,4511883.72216298
427879.985830682,4511903.92526903
427909.277746668,4512100.42275723
428082.143026048,4512078.46805662
428291.027297115,4512055.31450805
428133.046687202,4511998.09644715
427601.145239616,4512228.27240039
428325.113970448,4511890.62607691
427918.722437505,4511931.13247246
428410.998705746,4512054.74958516
428199.863295703,4511978.25302739
428093.418201898,4511907.13400377
428315.712964569,4511974.51289129
427874.348925239,4512050.57417342
428440.773856969,4512250.58318904
427818.662720572,4512157.56111615
427700.974384356,4511877.3549116
428206.504280712,4512023.78107588
428040.77535271,4512122.95846307
428142.870459011,4511951.97730812
428203.194287479,4512116.44464085
428481.232064227,4512108.22419908
427926.543944465,4511925.0164809
428079.229166003,4512178.55259342
427952.04518645,4512177.69107473
428106.240967571,4512145.67051527
428173.35545129,4511980.86911843
428068.509343049,4511950.83037544
427985.254466706,4512074.70383808
427974.152864684,4511870.33112926
428099.977412301,4511872.91488967
428617.878806552,4511922.44265612
428303.26701049,4512025.90377834
427966.996350485,4511878.40131465
428279.352683931,4512037.87462618
428257.428190834,4511993.63122878
428417.70797059,4512056.97156818
428349.149235757,4512338.26678553
428012.935639952,4512141.78993046
428036.995954896,4512048.98786893
427849.866515967,4512036.1239656
428143.174598819,4511971.86771731
427735.280813263,4512231.68422871
427809.816112048,4511838.26660693
427714.475854391,4511882.71850536
428166.745417381,4512068.34533325
428183.202856066,4512101.16592902
428427.618877319,4512125.47973564
428432.066272817,4512133.34420711
427896.715030665,4512130.58216818
428276.95002793,4511982.44481097
427934.072161121,4512341.47108003
427800.83364827,4511871.40561943
427832.508889307,4512005.2333533
427737.564599112,4512097.35376177
427988.441165754,4512215.87705033
428382.536258706,4512051.98915024
427874.617666171,4512217.18955116
428058.53612688,4512182.30105989
428195.856547323,4512112.66388835
427813.442092239,4512025.3598695
428132.965785074,4512329.74144607
428095.169041861,4512015.77694811
428308.17441302,4512229.34501953
428018.475477329,4512206.48251928
427955.073243259,4512252.12970768
427836.715721892,4512262.08024059
427792.838712805,4512055.02386283
428063.615385386,4512013.51326212
428362.418892783,4512134.46752681
428050.087792864,4512097.10513595
427969.639024632,4512025.19234587
428164.036631876,4512170.76539039
427620.390495362,4512160.71396588
427807.870679824,4512207.79833193
427752.789078242,4512049.33945897
428356.660383117,4512293.40156995
427840.333164365,4511974.51633012
427510.261820469,4512259.54378951
428385.575454336,4512148.11598678
427618.764364243,4512254.63085819
428483.444809402,4511948.53297713
428386.301725987,4512193.75158874
427844.260535968,4512146.20484018
428247.623159543,4512111.1932932
428484.394541558,4511926.1656397
427998.721082421,4512186.7416818
427870.718012688,4512365.84468174
428148.929517917,4512140.1883912
427818.006273112,4511844.58438975
427830.992565155,4512051.14771073
428317.104241225,4512045.8539865
428270.253031308,4512145.3435085
428135.263932253,4511943.96649238
427700.360546953,4512235.01816389
428174.165080616,4511992.07088334
427837.353420771,4511825.59119539
428068.178922803,4512178.23626283
428712.621264761,4512312.3539745
428104.139555078,4511899.58369973
427744.283843395,4512057.2336152
428262.599464904,4512306.5197528
427608.998967656,4511811.55851912
428578.339225329,4512033.87903966
428130.65160668,4511945.2189728
428097.301633191,4512326.0833927
428432.501803666,4512210.27855922
428229.645599117,4511947.58328519
427997.482095978,4511989.76275383
427980.724520062,4511946.01488688
428120.440035326,4512223.64854312
428157.469769873,4512106.80010692
428309.920944042,4512226.1707106
427901.087897871,4512226.99652239
427818.529429614,4511969.92604967
428385.559323826,4511938.97665482
428295.836240969,4512316.88613942
428118.470707869,4512007.88821988
427610.846884638,4511734.84487736
427787.618693567,4511888.51523873
427892.300804365,4511980.09868178
427858.538719867,4512424.86019301
428094.318298907,4512174.70422864
428294.84352579,4512207.89558158
428160.185332312,4512001.46760304
428356.599388775,4512136.49880827
428089.395530745,4512191.42902361
427912.038974468,4511974.82853245
428023.628213859,4511945.66444994
428093.236746932,4511981.43377753
428231.899017803,4512108.42315816
428480.115575817,4512159.16259218
428053.972258144,4511907.14587251
427784.572107005,4512245.66108373
428075.244175488,4512016.74726838
428165.480373689,4511790.17199463
428167.912088828,4512097.46665661
427693.285806541,4512128.01088867
428038.089674775,4512261.75967923
428115.128145883,4512022.18198988
428146.29814871,4512125.33081156
427438.807941338,4511968.16235985
428392.193940213,4512222.52275409
428168.21786728,4512213.75933924
428558.581366091,4512199.40209332
428363.960602309,4512231.60465337
428030.518539134,4512421.32795291
428364.964458536,4511996.72166456
428251.448975825,4512191.29333594
428439.338383044,4512416.87702221
428154.091085171,4512281.37859828
428036.352773902,4511905.37944531
427310.426401421,4512133.1706739
427657.887236875,4511791.85884987
427776.269644912,4512109.67715526
428002.497513303,4511650.42187415
428568.473406121,4512293.39733875
428257.268776231,4512229.01135835
428297.5161085,4512234.43598682
428464.549122328,4512333.0077872
427713.581546285,4512159.25768108
427752.969115593,4512188.1252371
428257.395554801,4512096.43293995
427611.274158607,4512203.93601206
428329.711866743,4512349.91034355
428208.190130009,4511805.27335692
427788.796452903,4512072.99064322
427444.135061722,4511810.89630731
428217.654918702,4512146.20429659
428125.772603417,4512254.62904259
428200.826053362,4512221.13230242
428126.30630715,4512117.15908756
427755.345676627,4512358.72160981
427891.255537134,4512154.29219329
427883.91416666,4511778.5747215
428043.532820075,4511980.20802895
427620.434274613,4511927.49754281
427857.517635783,4511916.01619482
428094.873405131,4512015.29062628
428114.755571865,4512328.93505619
427955.372250422,4512062.0848761
428363.01639497,4512173.01581916
428205.805322968,4511994.71943519
428131.481861596,4512123.38833674
427705.525009455,4511928.78890696
428217.834468774,4512105.14955319
428014.926116575,4512154.82853808
427706.724608987,4512060.13029196
427869.381033437,4512059.31819006
428144.518622562,4512285.12174987
428105.767222274,4511877.10275479
428168.016003131,4512078.66086234
427909.833510321,4512189.71875898
427877.131225003,4512072.4307017
428024.151629361,4512131.36232208
428131.995750624,4511905.95948076
428495.208658631,4512186.96529041
427929.841825599,4511928.92138776
428250.41235925,4512258.77396181
428091.621827928,4512009.61498382
427826.224905308,4512087.4484842
427738.331281542,4512265.55266617
428657.098829504,4512252.94302601
428349.492864658,4512032.0714813
428161.893984417,4512024.60937137
427834.063436307,4512035.6879248
427871.27974369,4511903.46378946
428281.8678124,4512134.29643827
428367.193189735,4512020.03492154
428165.267596311,4512048.48366693
427925.597799492,4512104.65255958
428083.185607857,4512012.08800639
427703.479152833,4511964.13932757
428133.595864695,4511894.3896082
427824.264798306,4512149.9893576
428257.256761899,4512241.48808446
427613.323878601,4511941.9879734
427631.803619834,4512030.02094778
428008.50167554,4512173.98283837
428596.251281425,4512622.9510301
428384.046213436,4512266.34946163
428128.182539909,4512120.00430285
427983.565018337,4511699.29331797
427751.621278041,4512058.76004452
428214.385894827,4512317.17158592
427990.892583511,4512365.82823223
427962.894052053,4512159.78153901
428319.93555815,4512087.21282476
427830.615047869,4512125.21992593
428540.240938698,4512193.43193943
428270.376320419,4512209.27783846
428068.083125473,4512172.23177658
427776.712926336,4511956.98867638
428285.189167601,4512156.1503874
428417.061604529,4512078.60511227
427870.355059351,4512057.77402343
427966.390274724,4512169.06704757
427658.891723267,4512184.35858266
428229.22044171,4512227.46447293
428511.592879358,4512274.72721265
427882.176726726,4512024.92388044
428197.562357389,4512100.08475005
428151.637298,4512070.55603529
428310.170327714,4512098.5773092
427946.161638707,4512084.24029946
427523.583349533,4511836.79461148
427836.245504576,4512100.15745509
428310.080190378,4512266.10808553
428030.273771013,4511855.41029199
427956.568963407,4512108.52800186
427960.358164196,4512114.61657018
428259.325861776,4512058.35001022
427997.505332109,4512146.86255509
428460.863596474,4512191.78795103
428355.905859272,4512113.510077
427979.606230748,4511887.12533018
428082.853814201,4512341.31767597
428122.296037609,4512052.83860812
428334.013948485,4512121.80147296
427899.041345499,4511978.39742319
427618.267388118,4511982.4698103
427882.499627236,4512165.90084791
427728.603536262,4512017.3956116
427857.752774434,4511933.35208781
428256.305610272,4511939.02492367
428284.997321478,4512222.42356775
428111.501481366,4512189.18540486
428203.979155266,4511841.98788181
427809.8673746,4512043.34723721
428315.143438832,4512273.52753725
427918.97959249,4511875.11927953
428252.173119168,4511934.59448486
428298.943524592,4511954.35945954
427846.149134827,4512138.08327178
427910.506421991,4512215.35496162
428104.068027691,4511809.08808068
427899.735466811,4511955.3097771
428355.85367507,4512144.1326053
427574.509012401,4512129.20534554
428266.592246002,4512105.81117692
427833.847622148,4512001.8923015
427937.597381155,4512238.95924751
428072.188393933,4512043.82435331
428059.982275746,4512026.06509358
428144.84654806,4512040.84661134
428409.175908135,4512150.33669813
428025.629806002,4512165.90639473
427634.544521168,4511939.27136119
427927.886974879,4512098.99381759
428230.089001333,4512142.23607047
428108.944079897,4511955.77027765
428042.1371731,4511875.85895075
428157.824438934,4512011.70751064
428264.608734969,4512133.5106993
427764.957264535,4511947.87755882
427825.776087663,4512384.28642287
428205.002060694,4511960.29521148
427716.173581743,4512007.55070609
427940.948500674,4511892.4023845
428463.310408688,4512197.09958003
428124.672029937,4512023.03350147
427931.109394096,4511896.90885897
427873.456299938,4512160.50542021
427757.037063961,4512080.54130672
428801.354069,4512349.79887488
427937.854505246,4511886.17837796
428206.893756627,4511829.97721453
427757.575519123,4512357.31322332
427901.561371655,4512130.26709644
427911.121693205,4512160.39039939
428296.60842326,4512157.79225702
427866.496377635,4511869.46292737
427772.052505702,4511972.52928825
427781.304010296,4512071.92720859
428093.575339113,4512057.52387034
428782.790538354,4512000.76269289
428154.538645018,4512139.66307121
427973.626792221,4511881.83186145
427998.302043952,4512072.31100134
428375.864563833,4512329.98831122
427882.218220905,4511938.95418279
428172.382472888,4512056.7808437
428239.246085026,4512163.72500909
427828.813024514,4512195.82930408
428342.132295389,4512073.08931435
427859.407770541,4512051.09309875
427918.266413624,4512218.31783729
427556.864775024,4512057.27950201
428144.125963985,4512051.44419631
427960.073247418,4512053.82975201
428005.037734635,4512104.97606721
428153.717215082,4511975.2677183
427743.020065944,4511948.90665866
428266.380562279,4512142.1277521
428669.081588705,4512096.34987072
427764.652465557,4512036.47837904
428049.366476715,4512230.2889427
428308.747783618,4511968.3967462
428356.285942751,4511899.6530581
428427.535228915,4512245.16478984
427915.637324577,4512106.99991048
428263.587189053,4511860.42203095
427754.1152878,4512140.3573143
428226.11278577,4511968.373328
428299.915518974,4512160.40430217
428642.366446976,4512304.90390705
428082.172967739,4512143.32149432
428138.262739045,4511994.29442441
428374.517215516,4512381.34085744
428507.890755313,4512133.16742634
428195.252361255,4512126.73232557
427667.100963163,4512237.7494047
427959.861161073,4512210.25311518
428512.730482061,4512131.59725923
428379.477880451,4511948.09616784
427697.575716861,4512093.06931824
428015.336780818,4512119.02826449
428067.845498624,4512182.85451241
427943.301044937,4511969.76894774
427968.460400729,4512267.313904
427866.619328025,4512310.71493657
428168.621449826,4511936.19868094
427994.420864172,4512169.04018121
428050.718669202,4512126.13294052
428511.782815002,4511969.69965571
427939.911794675,4512179.33522399
427497.06765888,4512200.08607019
427966.163871719,4511864.04259677
428378.043780987,4512001.82380994
427483.316579939,4511962.44807304
427953.053329772,4512144.41039852
428431.635286073,4512216.66281791
428094.689647875,4511922.44757962
428568.586693992,4512033.26479765
427697.918832281,4511698.96692546
428302.848303105,4512391.01418035
427891.628611042,4511927.76459084
427935.889350488,4512357.23465139
427606.58977675,4511887.74871953
428308.299421956,4511957.99789679
428826.239125943,4512566.01765407
428288.328982467,4511887.14385433
428295.984320743,4512210.0132629
427793.376399795,4512141.9505649
427756.848549286,4512044.07125294
428134.764232807,4512145.75859446
428303.996868577,4512135.59890499
428018.549768229,4512307.49627522
428186.110288303,4512080.92015796
427932.043828948,4511831.82230325
427922.762426657,4511829.83494106
428444.465111284,4511952.16183074
428198.727861774,4512074.84420974
428356.075359614,4511944.97489777
428355.000791613,4512193.6986017
428098.191185823,4512009.60437918
428218.938243269,4512265.79486614
428363.884922251,4512235.97752173
428027.416340334,4512030.71392779
427708.819327493,4512135.10095743
428028.36798613,4512242.24976774
427951.199890455,4512149.95859382
428411.956786621,4512087.73676648
428493.389903963,4512073.26717324
428033.733274998,4511940.98362024
428228.211101184,4512302.17225557
428262.257433354,4512148.90481829
427831.463531883,4512049.76042193
428003.199803179,4511995.21760422
427741.025151882,4512250.31438721
427785.407960439,4511945.49347584
427619.807471987,4512240.11893212
428456.192787362,4512045.46193403
427979.552248168,4512122.2093817
428401.742345379,4512208.07018724
428453.409031311,4512267.7465593
427569.9005551,4512227.52216523
428335.94197525,4512048.09871881
427887.870625862,4512042.809886
427843.73812153,4512177.96241269
428474.835903292,4512210.43982896
427667.513749306,4512004.55253553
427584.786697448,4512133.2570896
428273.918206942,4512050.00178596
428072.711648109,4511985.65121741
428066.203385496,4511912.93062726
428017.686880712,4511960.9821842
428024.704487938,4512384.36795154
428511.199588359,4512137.086689
428506.67255303,4511877.34603279
428008.738234469,4512069.16694281
428295.986154639,4512130.63012623
427648.039675494,4512220.56936113
427808.480975172,4511863.08191561
427954.124181043,4511773.29413928
428107.329483895,4512236.89734394
427714.408613598,4512073.28624206
428095.947595997,4512024.94263641
427943.561368574,4512108.88337583
428324.628449139,4512159.2722468
428291.910711113,4512015.03961138
428537.136061397,4511693.37352845
428245.093193813,4511865.25966351
428536.640994902,4512066.80832414
427993.1125913,4512057.12421839
427987.281085983,4511847.21780733
428000.09915875,4512182.61432251
428223.948264183,4511932.63031497
427251.028133235,4512287.34008039
427874.70865123,4512046.96108014
428310.506795258,4512103.76702959
427788.702438595,4511526.12641536
428112.261119662,4511954.51379092
428036.499458477,4512055.24493704
428020.651534221,4512220.84872378
428107.768483684,4512059.00217286
428200.555606605,4512089.87888905
428250.817354731,4512251.440007
428169.596837864,4511895.83556904
427785.977362091,4512123.45710615
428215.899929886,4512309.3132277
428417.715088612,4512310.75877217
428188.951742176,4512182.08095098
428183.319306346,4512118.40897598
428144.924390558,4512001.72853839
427641.313202033,4512052.62889424
428171.960876852,4511998.14951558
428419.326479359,4512141.90745758
428024.890407938,4511982.9238452
427759.882426575,4511932.06578914
427964.696127668,4512238.4050043
427970.502240221,4512283.58679099
427795.343547945,4512275.91872791
427746.067793206,4512309.74686308
427657.692015836,4512157.54838771
428422.043392951,4511976.046987
427915.00130239,4512021.48718547
428608.782264351,4512255.40857588
428117.558080062,4512078.79257591
428222.91141144,4511899.60960421
428207.966950156,4512157.68086233
427822.277802398,4512080.61842747
427889.225663106,4511948.44308056
427679.077679846,4512131.19858377
