id,City for Azimuth,location,hive,camera,month,day,year,hour,minute,hour,min,segment,dance found?,Pollen forager,dancer.id,cluster.id,runs.measured,points,minX,maxX,meanX,sdX,minY,maxY,meanY,sdY,min_duration.sec,max_duration.sec,mean_duration.sec,sd_duration.sec,minI,maxI,meanI,sdI,minLen,maxLen,meanLen,sdLen,minD2S,maxD2S,meanD2S,sdD2S,minD2R,maxD2R,meanD2R,sdD2R,minD2P,maxD2P,meanD2P,sdD2P,minV,maxV,meanV,sdV,min_angle,max_angle,mean_angle,sd_angle,minDelta,maxDelta,meanDelta,sdDelta,skew,min_angle_corr,max_angle_corr,mean_angle_corr,azimuth,heading.degrees,heading.radians,flag
1,"London, OH",FSR,1,,,27,2016,,,13,0,Camera1_062716_13.00_for_60sec,,,1,1,4,8,1395,1460,1430.625,25.099,820,898,861.25,25.672,1.268,1.902,1.668,0.284,94,122,105.5,9.651,36.069,88.119,60.671,21.548,0,88.119,30.336,35.365,NA,NA,NA,NA,36.069,88.119,60.671,21.548,28.447,48.017,35.854,9.17,117.728,159.928,140.532,18.635,NA,NA,NA,NA,,207.728,249.928,230.532,152,22.532,0.3932575871,1
2,"London, OH",FSR,1,,,27,2016,,,13,5,Camera1_062716_13.05_for_60sec,,,1,1,4,8,1312,1417,1356.75,33.974,702,776,737.625,25.917,1.101,1.502,1.293,0.222,68,133,96,26.458,42.107,58.138,50.627,6.747,0,58.138,25.314,27.419,NA,NA,NA,NA,42.107,58.138,50.627,6.747,36.107,44.732,39.45,3.7,-178.919,175.914,75.496,170.888,NA,NA,NA,NA,,271.081,265.914,165.496,155.5,320.996,5.602437086,1
3,"London, OH",FSR,1,,,27,2016,,,13,5,Camera1_062716_13.05_for_60sec,,,2,2,4,8,1374,1421,1398.375,18.338,850,925,884.625,23.982,0.467,1.034,0.684,0.273,82,111,93.625,11.338,34.986,51.894,41.902,7.326,0,51.894,20.951,22.905,NA,NA,NA,NA,34.986,51.894,41.902,7.326,37.016,90.848,67.595,22.576,120.964,154.916,138.051,15.121,NA,NA,NA,NA,,210.964,244.916,228.051,155.5,23.551,0.4110424921,1
4,"London, OH",FSR,1,,,27,2016,,,13,10,Camera1_062716_13.10_for_60sec,,,1,1,4,8,1257,1365,1319.75,32.927,724,839,785,40.299,0.834,1.602,1.201,0.337,55,92,73.125,10.575,35.355,58,45.222,9.587,0,58,22.611,24.974,NA,NA,NA,NA,35.355,58,45.222,9.587,26.49,55.262,39.506,11.956,135,176.269,151.98,19.913,NA,NA,NA,NA,,225,266.269,241.98,159,40.98,0.7152359275,1
5,"London, OH",FSR,1,,,27,2016,,,13,15,Camera1_062716_13.15_for_60sec,,,1,1,4,8,1250,1434,1342.375,75.578,458,572,510.625,40.49,0.834,2.603,1.652,0.727,109,141,119.375,10.084,25.632,81.597,56.211,23.219,0,81.597,28.105,33.672,NA,NA,NA,NA,25.632,81.597,56.211,23.219,30.728,40.588,34.125,4.513,-108.726,-20.556,-60.14,38.385,NA,NA,NA,NA,,341.274,69.444,29.86,162.7,192.56,3.360806008,1
6,"London, OH",FSR,1,,,27,2016,,,13,20,Camera1_062716_13.20_for_60sec,,,1,1,4,8,1214.052,1323.466,1267.073,37.985,683.466,836.347,748.478,52.069,1.034,2.536,1.752,0.616,73,109,91.625,13.469,56.261,91.183,70.047,14.924,0,91.183,35.024,38.696,NA,NA,NA,NA,56.261,91.183,70.047,14.924,31.814,62.728,42.794,13.774,-83.66,83.367,-28.308,75.844,NA,NA,NA,NA,,6.34,173.367,61.692,166.5,228.192,3.982701727,1
7,"London, OH",FSR,1,,,27,2016,,,13,20,Camera1_062716_13.20_for_60sec,,,2,2,4,8,1549.789,1641.218,1590.82,32.818,833.349,890.304,867.822,18.531,1.068,1.368,1.185,0.135,92,119,107.25,7.96,37.079,68.783,48.624,13.879,0,68.783,24.312,27.533,NA,NA,NA,NA,37.079,68.783,48.624,13.879,33.674,50.279,40.608,7.37,-26.565,3.814,-12.024,12.475,NA,NA,NA,NA,,63.435,93.814,77.976,166.5,244.476,4.266911142,1
8,"London, OH",FSR,1,,,27,2016,,,13,25,Camera1_062716_13.25_for_60sec,,,1,1,4,8,1446,1582,1496.625,45.987,728,914,807.25,65.073,1.134,1.735,1.351,0.265,84,109,95.625,8.551,53.038,91.761,69.382,19.282,0,91.761,34.691,39.176,NA,NA,NA,NA,53.038,91.761,69.382,19.282,41.14,64.149,51.231,9.857,106.46,135.764,125.006,13.717,NA,NA,NA,NA,,196.46,225.764,215.006,170.4,25.406,0.4434183498,1
9,"London, OH",FSR,1,,,27,2016,,,13,25,Camera1_062716_13.25_for_60sec,,,2,2,4,8,914.785,974.738,942.763,21.504,520.093,577.049,547.697,19.927,0.567,1.168,0.901,0.25,81,129,104.75,16.299,33.035,56.56,42.575,11.378,0,56.56,21.288,23.946,NA,NA,NA,NA,33.035,56.56,42.575,11.378,37.268,58.238,48.162,8.575,143.471,176.532,156.718,14.706,NA,NA,NA,NA,,233.471,266.532,246.718,170.4,57.118,0.9968971622,1
10,"London, OH",FSR,1,,,27,2016,,,13,30,Camera1_062716_13.30_for_60sec,,,1,1,4,8,1371,1424,1397.625,19.813,692,776,722.5,29.742,0,0,0,0,47,66,56.375,7.11,32.016,65.513,48.843,13.79,0,65.513,24.421,27.624,NA,NA,NA,NA,32.016,65.513,48.843,13.79,NA,NA,NA,NA,-14.47,139.764,94.522,73.055,NA,NA,NA,NA,,75.53,229.764,184.522,174.4,358.922,6.264370658,1
11,"London, OH",FSR,1,,,27,2016,,,13,35,Camera1_062716_13.35_for_60sec,,,1,1,4,8,1077,1411,1239.75,136.003,668,904,800.5,89.491,1.502,1.869,1.66,0.155,55,79,66.75,7.344,41.037,61.057,54.088,8.908,0,61.057,27.044,29.493,NA,NA,NA,NA,41.037,61.057,54.088,8.908,27.33,38.123,32.576,4.747,121.608,135,128.331,6.665,NA,NA,NA,NA,,211.608,225,218.331,178.4,36.731,0.6410768876,1
12,"London, OH",FSR,1,,,27,2016,,,13,35,Camera1_062716_13.35_for_60sec,,,2,2,4,8,1698.667,1753.333,1727.833,16.165,828.667,948.667,878.833,43.222,0.801,1.869,1.351,0.529,53,89,74.75,10.593,64.346,96.231,78.251,14.421,0,96.231,39.125,42.879,NA,NA,NA,NA,64.346,96.231,78.251,14.421,34.437,120.169,69.41,40.254,-86.028,117.553,17.345,104.238,NA,NA,NA,NA,,3.972,207.553,107.345,178.4,285.745,4.987191071,1
13,"London, OH",FSR,1,,,27,2016,,,13,35,Camera1_062716_13.35_for_60sec,,,3,3,4,8,1514.167,1606.167,1558.354,31.523,486.5,643,563.646,59.221,1.001,2.336,1.602,0.561,75,93,79,5.88,50.495,60.402,56.596,4.706,0,60.402,28.298,30.408,NA,NA,NA,NA,50.495,60.402,56.596,4.706,25.775,50.445,37.969,10.159,-162.769,132.325,55.155,145.326,NA,NA,NA,NA,,287.231,222.325,145.155,178.4,323.555,5.647100061,1
14,"London, OH",FSR,1,,,27,2016,,,13,40,Camera1_062716_13.40_for_60sec,,,1,1,4,8,960,1186.667,1071.5,72.418,832,880,858,15.936,1.101,1.835,1.368,0.322,63,134,95.125,20.266,44.721,58.439,49.634,6.069,0,58.439,24.817,26.826,NA,NA,NA,NA,44.721,58.439,49.634,6.069,26.417,47.336,37.677,9.223,116.565,165.174,145.771,20.712,NA,NA,NA,NA,,206.565,255.174,235.771,182.4,58.171,1.015275479,1
15,"London, OH",FSR,1,,,27,2016,,,13,40,Camera1_062716_13.40_for_60sec,,,2,2,4,8,1617.333,1692,1661.5,31.378,700,749.333,720.5,17.252,1.268,1.869,1.451,0.281,55,75,63.25,7.305,52.154,84.706,64.341,14.312,0,84.706,32.17,35.645,NA,NA,NA,NA,52.154,84.706,64.341,14.312,38.123,49.87,44.334,4.842,-32.471,-24.775,-27.592,3.61,NA,NA,NA,NA,,57.529,65.225,62.408,182.4,244.808,4.272705635,1
16,"London, OH",FSR,1,,,27,2016,,,13,40,Camera1_062716_13.40_for_60sec,,,3,3,4,8,1237,1320,1291.5,31.392,658,735,701.875,30.87,0.734,1.602,1.235,0.367,75,118,102,13.158,38.328,71.421,62.037,15.862,0,71.421,31.018,34.748,NA,NA,NA,NA,38.328,71.421,62.037,15.862,31.045,97.295,55.559,29.037,-44.433,116.2,60.017,71.266,NA,NA,NA,NA,,45.567,206.2,150.017,182.4,332.417,5.80177114,1
17,"London, OH",FSR,1,,,27,2016,,,13,45,Camera1_062716_13.45_for_60sec,,,1,1,4,8,1488,1682,1566.5,75.742,364,695,501.375,121.018,0.868,2.069,1.243,0.555,63,96,77.25,10.977,33.242,70.605,54.182,16.392,0,70.605,27.091,30.886,NA,NA,NA,NA,33.242,70.605,54.182,16.392,24.082,68.259,48.415,20.821,-100.408,105.709,16.248,93.299,NA,NA,NA,NA,,349.592,195.709,106.248,186.4,292.648,5.107671149,1
18,"London, OH",FSR,1,,,27,2016,,,13,45,Camera1_062716_13.45_for_60sec,,,2,2,4,8,1066,1272,1147.5,63.92,638,767,710.625,47.479,1.735,3.337,2.202,0.767,81,171,114.75,29.606,58.009,207.171,104.005,69.39,0,207.171,52.003,71.792,NA,NA,NA,NA,58.009,207.171,104.005,69.39,33.433,62.089,44.068,12.453,-173.904,179.012,-40.788,153.456,NA,NA,NA,NA,,276.096,269.012,49.212,186.4,235.612,4.112205157,1
19,"London, OH",FSR,1,,,27,2016,,,13,45,Camera1_062716_13.45_for_60sec,,,3,3,4,8,810.5,1025.833,901.917,80.32,669.833,799.833,731,42.296,0.667,2.069,1.285,0.596,73,153,113.625,29.909,48.899,78.122,65.856,12.254,0,78.122,32.928,36.104,NA,NA,NA,NA,48.899,78.122,65.856,12.254,35.744,100.919,60.297,30.564,-88.866,117.44,19.97,104.508,NA,NA,NA,NA,,1.134,207.44,109.97,186.4,296.37,5.172632304,1
20,"London, OH",FSR,1,,,27,2016,,,13,50,Camera1_062716_13.50_for_60sec,,,1,1,4,8,1047.167,1145.167,1092.667,29.006,754.167,816.167,789.833,26.934,1.2,2.13,1.815,0.422,83,119,101.375,15.099,44.427,70.711,58.478,10.937,0,70.711,29.239,32.067,NA,NA,NA,NA,44.427,70.711,58.478,10.937,23.506,51.364,34.019,12.223,115.796,128.853,121.863,5.781,NA,NA,NA,NA,,205.796,218.853,211.863,190.4,42.263,0.7376285018,1
21,"London, OH",FSR,1,,,27,2016,,,13,55,Camera1_062716_13.55_for_60sec,no,,,,,,,,,,,,,,,,,,,,,,,,,,,,,,,,,,,,,,,,,,,,,,,,,,,,,,194.3,,,
22,"London, OH",FSR,1,,,27,2016,,,14,0,Camera1_062716_14.00_for_60sec,,,1,1,4,8,1334.833,1388.167,1364.083,21.45,768.5,798.5,785.167,10.029,0.734,0.868,0.817,0.064,70,100,85,10.1,30.185,53.537,38.978,10.592,0,53.537,19.489,21.958,NA,NA,NA,NA,30.185,53.537,38.978,10.592,37.693,61.712,47.341,10.22,166.827,174.999,171.231,3.773,NA,NA,NA,NA,,256.827,264.999,261.231,198,99.231,1.73190767,1
23,"London, OH",FSR,1,,,27,2016,,,14,0,Camera1_062716_14.00_for_60sec,,,2,2,4,8,1389.5,1461.5,1430.417,26.159,681.167,837.167,745,51.77,1.268,2.135,1.668,0.357,61,100,80.125,12.955,51.648,80.069,64.633,12.04,0,80.069,32.316,35.435,NA,NA,NA,NA,51.648,80.069,64.633,12.04,37.384,40.734,38.934,1.744,113.587,135,126.401,9.095,NA,NA,NA,NA,,203.587,225,216.401,198,54.401,0.9494765664,1
24,"London, OH",FSR,1,,,27,2016,,,14,5,Camera1_062716_14.05_for_60sec,,,1,1,4,8,1142,1245,1176.25,38.983,552,626,593,23.543,1.068,1.268,1.168,0.086,77,126,92.875,15.905,34.785,56.365,44.567,8.927,0,56.365,22.284,24.529,NA,NA,NA,NA,34.785,56.365,44.567,8.927,32.578,44.454,37.91,4.901,108.435,154.799,131.673,18.933,NA,NA,NA,NA,,198.435,244.799,221.673,201.7,63.373,1.106067507,1
25,"London, OH",FSR,1,,,27,2016,,,14,5,Camera1_062716_14.05_for_60sec,,,2,2,4,8,930,1530,1360,259.722,739,927,816.5,67.197,1.068,1.235,1.143,0.088,68,112,83.875,15.431,40.804,54.231,47.891,5.593,0,54.231,23.945,25.859,NA,NA,NA,NA,40.804,54.231,47.891,5.593,38.079,46.376,41.955,4.425,112.782,136.637,123.684,10.188,NA,NA,NA,NA,,202.782,226.637,213.684,201.7,55.384,0.9666331529,1
,"London, OH",FSR,1,,,27,2016,,,14,10,Camera1_062716_14.10_for_60sec,,,1,1,4,8,1288,1400,1342.625,38.825,684,776,729.75,33.759,1.602,2.402,1.818,0.391,68,107,84.625,11.55,67.179,95.336,77.703,12.776,0,95.336,38.852,42.368,NA,NA,NA,NA,67.179,95.336,77.703,12.776,39.684,49.183,43.136,4.351,-74.798,-33.085,-50.788,17.493,NA,NA,NA,NA,,,,,205.2,205.2,3.581415625,1
,"London, OH",FSR,1,,,27,2016,,,14,15,Camera1_062716_14.15_for_60sec,,,1,1,4,8,1220,1282.667,1255.5,19.955,804,881.333,839.333,25.766,1.001,1.502,1.134,0.245,76,106,96.375,9.273,33.572,62.794,45.145,13.274,0,62.794,22.572,25.648,NA,NA,NA,NA,33.572,62.794,45.145,13.274,33.539,46.208,39.487,5.646,59.859,86.348,73.904,12.862,NA,NA,NA,NA,,,,,208.6,208.6,3.64075682,1
,"London, OH",FSR,1,,,27,2016,,,14,15,Camera1_062716_14.15_for_60sec,,,2,2,4,8,1026.667,1066.667,1046.5,15.226,734.667,822.667,775.333,28.275,0.834,1.468,1.21,0.28,97,126,110.5,9.008,22.667,62.454,42.942,16.723,0,62.454,21.471,25.431,NA,NA,NA,NA,22.667,62.454,42.942,16.723,27.173,45.652,34.646,7.815,73.887,94.764,83.653,10.299,NA,NA,NA,NA,,,,,208.6,208.6,3.64075682,1
,"London, OH",FSR,1,,,27,2016,,,14,15,Camera1_062716_14.15_for_60sec,,,3,3,4,8,1414.667,1484,1445.667,21.139,742.667,873.333,791.167,42.025,1.168,1.802,1.502,0.314,71,115,87.25,15.517,46.648,84.011,64.927,19.749,0,84.011,32.463,37.035,NA,NA,NA,NA,46.648,84.011,64.927,19.749,35.847,48.419,42.676,5.25,-130.601,-90.909,-116.475,17.527,NA,NA,NA,NA,,,,,208.6,208.6,3.64075682,1
,"London, OH",FSR,1,,,27,2016,,,14,20,Camera1_062716_14.20_for_60sec,,,,,,,,,,,,,,,,,,,,,,,,,,,,,,,,,,,,,,,,,,,,,,,,,,,,,,,211.9,211.9,3.698352685,1
,"London, OH",FSR,1,,,27,2016,,,14,25,Camera1_062716_14.25_for_60sec,,,,,,,,,,,,,,,,,,,,,,,,,,,,,,,,,,,,,,,,,,,,,,,,,,,,,,,215,215,3.752457892,1
,"London, OH",FSR,1,,,27,2016,,,14,30,Camera1_062716_14.30_for_60sec,,,,,,,,,,,,,,,,,,,,,,,,,,,,,,,,,,,,,,,,,,,,,,,,,,,,,,,217.9,217.9,3.80307244,1
,,FSR,1,,,19,2016,,,11,6,Camera1_071916_11.06_for_60sec,,,,,,,,,,,,,,,,,,,,,,,,,,,,,,,,,,,,,,,,,,,,,,,,,,,,,,,1088,728,12.70599695,1
,,FSR,1,,,19,2016,,,11,11,Camera1_071916_11.11_for_60sec,,,,,,,,,,,,,,,,,,,,,,,,,,,,,,,,,,,,,,,,,,,,,,,,,,,,,,,110,110,1.919862177,1
,,FSR,1,,,19,2016,,,11,16,Camera1_071916_11.16_for_60sec,,,,,,,,,,,,,,,,,,,,,,,,,,,,,,,,,,,,,,,,,,,,,,,,,,,,,,,111.3,111.3,1.942551457,1
,,FSR,1,,,19,2016,,,11,21,Camera1_071916_11.21_for_60sec,,,,,,,,,,,,,,,,,,,,,,,,,,,,,,,,,,,,,,,,,,,,,,,,,,,,,,,112.6,112.6,1.965240738,1
,,FSR,1,,,19,2016,,,11,26,Camera1_071916_11.26_for_60sec,,,1,1,4,8,797,832,815,12.873,665,792,724.375,39.108,2.402,2.803,2.619,0.184,34,98,62.125,22.599,46.011,67.978,58.665,9.321,0,67.978,29.333,31.946,NA,NA,NA,NA,46.011,67.978,58.665,9.321,18.144,28.296,22.509,4.302,95.906,132.357,112.568,15.577,NA,NA,NA,NA,,,,,113.9,113.9,1.987930018,1
,,FSR,1,,,19,2016,,,11,26,Camera1_071916_11.26_for_60sec,,,2,2,4,8,656.667,990,792.167,113.397,296,501.333,376.333,69.731,2.803,6.74,4.68,1.641,63,96,77.375,10.555,86.82,160.472,117.978,30.807,0,160.472,58.989,66.209,NA,NA,NA,NA,86.82,160.472,117.978,30.807,22.227,30.976,26.039,3.877,131.576,151.731,141.415,10.855,NA,NA,NA,NA,,,,,113.9,113.9,1.987930018,1
,,FSR,1,,,19,2016,,,11,26,Camera1_071916_11.26_for_60sec,,,3,3,4,8,1239,1396,1312.375,57.666,672,873,762.125,77.845,0.734,1.134,0.976,0.175,68,90,78.125,7.434,45.607,77.006,61.19,14.318,0,77.006,30.595,34.024,NA,NA,NA,NA,45.607,77.006,61.19,14.318,46.95,72.121,63.097,11.67,-62.319,-37.614,-47.035,11.792,NA,NA,NA,NA,,,,,113.9,113.9,1.987930018,1
,,FSR,1,,,19,2016,,,11,31,Camera1_071916_11.31_for_60sec,,,1,1,4,8,1087,1120,1105.625,9.242,713,817,778.375,35.877,2.169,2.536,2.344,0.16,63,82,74.75,6.018,35.057,76.295,57.675,17.035,0,76.295,28.837,32.783,NA,NA,NA,NA,35.057,76.295,57.675,17.035,16.164,30.087,24.338,5.855,86.73,105.173,96.851,7.943,NA,NA,NA,NA,,,,,115.3,115.3,2.012364628,1
,,FSR,1,,,19,2016,,,11,31,Camera1_071916_11.31_for_60sec,,,2,2,4,8,1274,1338,1298.625,19.949,771,863,820.875,31.193,1.268,1.602,1.401,0.144,72,96,87.75,7.76,45.88,71.12,54.679,11.615,0,71.12,27.34,30.2,NA,NA,NA,NA,45.88,71.12,54.679,11.615,32.739,44.405,38.877,5.727,98.427,117.646,108.441,7.963,NA,NA,NA,NA,,,,,115.3,115.3,2.012364628,1
,,FSR,1,,,19,2016,,,11,31,Camera1_071916_11.31_for_60sec,,,3,3,4,8,904,973.333,943.833,25.522,418.667,497.333,464.833,31.114,1.568,3.003,2.486,0.631,78,129,96,15.946,26.466,69.768,56.96,20.456,0,69.768,28.48,33.261,NA,NA,NA,NA,26.466,69.768,56.96,20.456,16.876,24.628,22.275,3.65,94.764,130.914,114.706,14.921,NA,NA,NA,NA,,,,,115.3,115.3,2.012364628,1
,,FSR,1,,,19,2016,,,11,36,Camera1_071916_11.36_for_60sec,,,,,,,,,,,,,,,,,,,,,,,,,,,,,,,,,,,,,,,,,,,,,,,,,,,,,,,116.7,116.7,2.036799237,1
,,FSR,1,,,19,2016,,,11,41,Camera1_071916_11.41_for_60sec,,,,,,,,,,,,,,,,,,,,,,,,,,,,,,,,,,,,,,,,,,,,,,,,,,,,,,,118.2,118.2,2.062979176,1
,,FSR,1,,,19,2016,,,11,46,Camera1_071916_11.46_for_60sec,,,,,,,,,,,,,,,,,,,,,,,,,,,,,,,,,,,,,,,,,,,,,,,,,,,,,,,119.8,119.8,2.090904444,1
,,FSR,1,,,19,2016,,,11,51,Camera1_071916_11.51_for_60sec,,,,,,,,,,,,,,,,,,,,,,,,,,,,,,,,,,,,,,,,,,,,,,,,,,,,,,,121.4,121.4,2.118829712,1
,,FSR,1,,,19,2016,,,11,56,Camera1_071916_11.56_for_60sec,,,,,,,,,,,,,,,,,,,,,,,,,,,,,,,,,,,,,,,,,,,,,,,,,,,,,,,123.1,123.1,2.148500309,1
,,FSR,1,,,19,2016,,,12,1,Camera1_071916_12.01_for_60sec,,,,,,,,,,,,,,,,,,,,,,,,,,,,,,,,,,,,,,,,,,,,,,,,,,,,,,,124.9,124.9,2.179916236,1
,,FSR,1,,,19,2016,,,12,6,Camera1_071916_12.06_for_60sec,,,,,,,,,,,,,,,,,,,,,,,,,,,,,,,,,,,,,,,,,,,,,,,,,,,,,,,126.8,126.8,2.213077492,1
,,FSR,1,,,19,2016,,,12,11,Camera1_071916_12.11_for_60sec,,,,,,,,,,,,,,,,,,,,,,,,,,,,,,,,,,,,,,,,,,,,,,,,,,,,,,,128.7,128.7,2.246238747,1
,,FSR,1,,,23,2016,,,12,14,Camera1_072316_12.14_for_60sec,,,1,1,4,8,1218.5,1289.833,1250.167,26.54,454.5,571.167,501.5,36.246,1.001,1.401,1.218,0.214,89,137,102.25,15.809,42.687,63.61,55.61,9.011,0,63.61,27.805,30.304,NA,NA,NA,NA,42.687,63.61,55.61,9.011,39.98,57.508,46.169,7.887,-76.608,-38.66,-55.234,16.097,NA,NA,NA,NA,,,,,130.9,130.9,2.284635991,1
,,FSR,1,,,23,2016,,,12,14,Camera1_072316_12.14_for_60sec,,,2,2,4,8,652.5,703.167,676.75,17.552,738.167,790.833,766.583,20.34,0.734,1.235,1.026,0.217,90,124,114.75,11.901,31.305,61.017,46.95,13.95,0,61.017,23.475,26.706,NA,NA,NA,NA,31.305,61.017,46.95,13.95,27.594,76.428,48.195,20.829,26.565,69.842,47.993,21.008,NA,NA,NA,NA,,,,,130.9,130.9,2.284635991,1
,,FSR,1,,,23,2016,,,12,14,Camera1_072316_12.14_for_60sec,,,3,3,4,8,812,853,830.5,12.739,391,444,418.625,19.093,0.667,0.868,0.759,0.092,65,118,83.25,17.597,34.176,41.773,37.364,3.194,0,41.773,18.682,20.081,NA,NA,NA,NA,34.176,41.773,37.364,3.194,41.959,62.597,49.917,8.911,-142.815,-104.036,-122.374,18.149,NA,NA,NA,NA,,,,,130.9,130.9,2.284635991,1
,,FSR,1,,,23,2016,,,12,19,Camera1_072316_12.19_for_60sec,,,1,1,4,8,858,972,923.875,41.718,737,808,777.5,24.767,1.201,1.935,1.618,0.346,75,120,89.5,14.422,49.041,54.818,52.159,2.374,0,54.818,26.079,27.923,NA,NA,NA,NA,49.041,54.818,52.159,2.374,27.048,40.826,33.231,6.251,106.587,145.098,128.368,16.126,NA,NA,NA,NA,,,,,133,133,2.321287905,1
,,FSR,1,,,23,2016,,,12,24,Camera1_072316_12.24_for_60sec,,,1,1,4,8,890.667,956,935.5,22.817,658.667,732,690.167,26.088,0.467,0.667,0.526,0.096,65,121,95.5,16.716,33.333,49.351,38.772,7.29,0,49.351,19.386,21.267,NA,NA,NA,NA,33.333,49.351,38.772,7.29,51.948,105.647,76.087,22.206,-147.995,163.74,-47.106,142.48,NA,NA,NA,NA,,,,,135.2,135.2,2.359685149,1
,,FSR,1,,,23,2016,,,12,24,Camera1_072316_12.24_for_60sec,,,2,2,4,8,1305.333,1373.333,1329.333,26.533,304,420,344.667,37.55,0.634,1.335,0.901,0.309,83,156,104.5,29.621,20,66.999,42.127,19.64,0,66.999,21.064,25.93,NA,NA,NA,NA,20,66.999,42.127,19.64,27.245,71.785,47.297,18.833,-90,-84.289,-87.312,3.116,NA,NA,NA,NA,,,,,135.2,135.2,2.359685149,1
,,FSR,1,,,23,2016,,,12,29,Camera1_072316_12.29_for_60sec,,,,,,,,,,,,,,,,,,,,,,,,,,,,,,,,,,,,,,,,,,,,,,,,,,,,,,,137.4,137.4,2.398082392,1
,,FSR,1,,,23,2016,,,12,34,Camera1_072316_12.34_for_60sec,,,,,,,,,,,,,,,,,,,,,,,,,,,,,,,,,,,,,,,,,,,,,,,,,,,,,,,139.8,139.8,2.439970294,1
,,FSR,1,,,23,2016,,,12,39,Camera1_072316_12.39_for_60sec,,,,,,,,,,,,,,,,,,,,,,,,,,,,,,,,,,,,,,,,,,,,,,,,,,,,,,,142.2,142.2,2.481858196,1
,,FSR,1,,,23,2016,,,12,44,Camera1_072316_12.44_for_60sec,,,,,,,,,,,,,,,,,,,,,,,,,,,,,,,,,,,,,,,,,,,,,,,,,,,,,,,144.8,144.8,2.527236757,1
,,FSR,1,,,23,2016,,,12,49,Camera1_072316_12.49_for_60sec,,,,,,,,,,,,,,,,,,,,,,,,,,,,,,,,,,,,,,,,,,,,,,,,,,,,,,,147.5,147.5,2.574360647,1
,,FSR,1,,,23,2016,,,12,54,Camera1_072316_12.54_for_60sec,,,,,,,,,,,,,,,,,,,,,,,,,,,,,,,,,,,,,,,,,,,,,,,,,,,,,,,150.2,150.2,2.621484536,1
,,FSR,1,,,23,2016,,,12,59,Camera1_072316_12.59_for_60sec,,,,,,,,,,,,,,,,,,,,,,,,,,,,,,,,,,,,,,,,,,,,,,,,,,,,,,,153.1,153.1,2.672099085,1
,,FSR,1,,,23,2016,,,13,4,Camera1_072316_13.04_for_60sec,,,,,,,,,,,,,,,,,,,,,,,,,,,,,,,,,,,,,,,,,,,,,,,,,,,,,,,156.1,156.1,2.724458962,1
,,FSR,1,,,23,2016,,,13,9,Camera1_072316_13.09_for_60sec,,,,,,,,,,,,,,,,,,,,,,,,,,,,,,,,,,,,,,,,,,,,,,,,,,,,,,,159.2,159.2,2.778564169,1
,,FSR,1,,,23,2016,,,13,14,Camera1_072316_13.14_for_60sec,,,,,,,,,,,,,,,,,,,,,,,,,,,,,,,,,,,,,,,,,,,,,,,,,,,,,,,162.3,162.3,2.832669376,1
,,FSR,1,,,23,2016,,,13,19,Camera1_072316_13.19_for_60sec,,,,,,,,,,,,,,,,,,,,,,,,,,,,,,,,,,,,,,,,,,,,,,,,,,,,,,,165.6,165.6,2.890265241,1
,,FSR,1,,,23,2016,,,13,24,Camera1_072316_13.24_for_60sec,,,,,,,,,,,,,,,,,,,,,,,,,,,,,,,,,,,,,,,,,,,,,,,,,,,,,,,168.9,168.9,2.947861107,1
,,FSR,1,,,23,2016,,,13,29,Camera1_072316_13.29_for_60sec,,,,,,,,,,,,,,,,,,,,,,,,,,,,,,,,,,,,,,,,,,,,,,,,,,,,,,,172.3,172.3,3.007202301,1
,,FSR,1,,,23,2016,,,13,34,Camera1_072316_13.34_for_60sec,,,,,,,,,,,,,,,,,,,,,,,,,,,,,,,,,,,,,,,,,,,,,,,,,,,,,,,175.7,175.7,3.066543496,1
,,FSR,1,,,23,2016,,,13,39,Camera1_072316_13.39_for_60sec,,,,,,,,,,,,,,,,,,,,,,,,,,,,,,,,,,,,,,,,,,,,,,,,,,,,,,,179.1,179.1,3.12588469,1
,,FSR,1,,,23,2016,,,13,44,Camera1_072316_13.44_for_60sec,,,,,,,,,,,,,,,,,,,,,,,,,,,,,,,,,,,,,,,,,,,,,,,,,,,,,,,182.6,182.6,3.186971214,1
,,FSR,2,,,,2016,,,,,Camera2,,,1,1,4,8,1390,1424.167,1409.104,14.211,552.833,676.833,615.229,43.516,3.003,3.337,3.12,0.148,58,152,100,28.208,64.911,83.934,74.827,9.963,0,83.934,37.413,40.525,NA,NA,NA,NA,64.911,83.934,74.827,9.963,19.454,27.95,24.105,4.044,67.188,77.471,71.174,4.617,NA,NA,NA,NA,,,,,,0,0,
,,FSR,2,,,14,2016,,,10,59,Camera2_071416_10.59_for_60sec,,,1,1,4,8,1514.667,1617.333,1560.667,33.829,692,768,723.333,30.421,1.201,2.936,1.935,0.727,57,95,69,15.203,51.225,82.289,62.819,13.531,0,82.289,31.41,34.727,NA,NA,NA,NA,51.225,82.289,62.819,13.531,28.025,42.645,34.045,6.378,49.6,72.408,60.328,11.548,NA,NA,NA,NA,,,,,106.2,106.2,1.853539666,1
,,FSR,2,,,14,2016,,,10,59,Camera2_071416_10.59_for_60sec,,,2,2,4,8,1526,1553,1539.75,11.769,781,845,808.875,23.062,0.734,1.768,1.126,0.475,59,91,67,10.677,22.023,34,28.525,5.427,0,34,14.262,15.656,NA,NA,NA,NA,22.023,34,28.525,5.427,14.843,43.358,29.748,15.267,-17.745,61.928,22.628,36.609,NA,NA,NA,NA,,,,,106.2,106.2,1.853539666,1
,,FSR,2,,,14,2016,,,11,4,Camera2_071416_11.04_for_60sec,,,1,1,4,8,1559,1599,1579.375,13.081,672,757,713.75,36.362,1.335,2.202,1.718,0.363,52,98,74.375,18.477,46.648,81.302,66.16,17.384,0,81.302,33.08,37.15,NA,NA,NA,NA,46.648,81.302,66.16,17.384,34.951,46.295,38.339,5.376,59.036,85.061,70.002,11.185,NA,NA,NA,NA,,,,,107.3,107.3,1.872738287,1
,,FSR,2,,,14,2016,,,11,4,Camera2_071416_11.04_for_60sec,,,2,2,4,8,1015,1100,1073,33.95,808,885,843.375,31.286,2.269,2.803,2.603,0.231,55,85,68.875,10.736,56.886,59.615,57.967,1.2,0,59.615,28.983,30.995,NA,NA,NA,NA,56.886,59.615,57.967,1.2,20.296,25.261,22.409,2.085,67.306,96.009,80.567,11.79,NA,NA,NA,NA,,,,,107.3,107.3,1.872738287,1
,,FSR,2,,,14,2016,,,11,4,Camera2_071416_11.04_for_60sec,,,3,3,4,8,1575,1664,1627,30.697,543,667,615.5,41.569,2.569,3.704,3.07,0.473,67,100,87.125,11.934,53.235,80.777,67.824,11.394,0,80.777,33.912,37.013,NA,NA,NA,NA,53.235,80.777,67.824,11.394,18.13,26.314,22.366,4.376,69.254,84.611,76.45,6.351,NA,NA,NA,NA,,,,,107.3,107.3,1.872738287,1
,,FSR,2,,,14,2016,,,11,9,Camera2_071416_11.09_for_60sec,,,1,1,4,8,392,433.333,411.167,12.24,772,848,806.667,30.001,2.102,2.97,2.411,0.383,64,105,83.625,14.03,49.351,65.997,55.316,7.476,0,65.997,27.658,29.97,NA,NA,NA,NA,49.351,65.997,55.316,7.476,22.197,24.158,23.014,0.969,71.565,105.124,87.527,14.29,NA,NA,NA,NA,,,,,108.5,108.5,1.893682238,1
,,FSR,2,,,14,2016,,,11,9,Camera2_071416_11.09_for_60sec,,,2,2,4,8,1373,1524,1456.75,52.698,674,889,811,74.249,2.135,3.003,2.452,0.383,50,71,59.375,6.653,66.4,104.69,85.977,16.568,0,104.69,42.989,47.219,NA,NA,NA,NA,66.4,104.69,85.977,16.568,31.094,38.756,34.961,3.13,-65.913,-19.799,-42.326,19.231,NA,NA,NA,NA,,,,,108.5,108.5,1.893682238,1
,,FSR,2,,,14,2016,,,11,14,Camera2_071416_11.14_for_60sec,,,,,,,,,,,,,,,,,,,,,,,,,,,,,,,,,,,,,,,,,,,,,,,,,,,,,,,109.7,109.7,1.914626189,1
,,FSR,2,,,14,2016,,,11,19,Camera2_071416_11.19_for_60sec,,,,,,,,,,,,,,,,,,,,,,,,,,,,,,,,,,,,,,,,,,,,,,,,,,,,,,,111,111,1.93731547,1
,,FSR,2,,,14,2016,,,11,24,Camera2_071416_11.24_for_60sec,,,,,,,,,,,,,,,,,,,,,,,,,,,,,,,,,,,,,,,,,,,,,,,,,,,,,,,112.3,112.3,1.96000475,1
,,FSR,2,,,14,2016,,,11,29,Camera2_071416_11.29_for_60sec,,,,,,,,,,,,,,,,,,,,,,,,,,,,,,,,,,,,,,,,,,,,,,,,,,,,,,,113.7,113.7,1.98443936,1
,,FSR,2,,,14,2016,,,11,34,Camera2_071416_11.34_for_60sec,,,,,,,,,,,,,,,,,,,,,,,,,,,,,,,,,,,,,,,,,,,,,,,,,,,,,,,115.1,115.1,2.008873969,1
,,FSR,2,,,14,2016,,,11,39,Camera2_071416_11.39_for_60sec,,,,,,,,,,,,,,,,,,,,,,,,,,,,,,,,,,,,,,,,,,,,,,,,,,,,,,,116.6,116.6,2.035053908,1
,,FSR,2,,,14,2016,,,11,44,Camera2_071416_11.44_for_60sec,,,,,,,,,,,,,,,,,,,,,,,,,,,,,,,,,,,,,,,,,,,,,,,,,,,,,,,118.1,118.1,2.061233847,1
,,FSR,2,,,14,2016,,,11,49,Camera2_071416_11.49_for_60sec,,,,,,,,,,,,,,,,,,,,,,,,,,,,,,,,,,,,,,,,,,,,,,,,,,,,,,,119.7,119.7,2.089159115,1
,,FSR,2,,,14,2016,,,11,54,Camera2_071416_11.54_for_60sec,,,,,,,,,,,,,,,,,,,,,,,,,,,,,,,,,,,,,,,,,,,,,,,,,,,,,,,121.4,121.4,2.118829712,1
,,FSR,2,,,14,2016,,,11,59,Camera2_071416_11.59_for_60sec,,,,,,,,,,,,,,,,,,,,,,,,,,,,,,,,,,,,,,,,,,,,,,,,,,,,,,,123.1,123.1,2.148500309,1
,,FSR,2,,,14,2016,,,12,4,Camera2_071416_12.04_for_60sec,,,,,,,,,,,,,,,,,,,,,,,,,,,,,,,,,,,,,,,,,,,,,,,,,,,,,,,124.9,124.9,2.179916236,1
,,FSR,2,,,14,2016,,,12,9,Camera2_071416_12.09_for_60sec,,,,,,,,,,,,,,,,,,,,,,,,,,,,,,,,,,,,,,,,,,,,,,,,,,,,,,,126.8,126.8,2.213077492,1
,,FSR,2,,,14,2016,,,12,14,Camera2_071416_12.14_for_60sec,,,,,,,,,,,,,,,,,,,,,,,,,,,,,,,,,,,,,,,,,,,,,,,,,,,,,,,128.8,128.8,2.247984077,1
,,FSR,2,,,19,2016,,,10,52,Camera2_071916_10.52_for_60sec,,,1,1,4,8,1390,1424.167,1409.104,14.211,552.833,676.833,615.229,43.516,3.003,3.337,3.12,0.148,58,152,100,28.208,64.911,83.934,74.827,9.963,0,83.934,37.413,40.525,NA,NA,NA,NA,64.911,83.934,74.827,9.963,19.454,27.95,24.105,4.044,67.188,77.471,71.174,4.617,NA,NA,NA,NA,,,,,105.6,105.6,1.84306769,1
,,FSR,2,,,19,2016,,,10,57,Camera2_071916_10.57_for_60sec,,,1,1,4,8,1219,1245,1234.125,9.862,820,898,856.875,30.385,2.97,3.27,3.128,0.135,59,131,85,22.978,44.553,59.682,52.877,6.532,0,59.682,26.439,28.586,NA,NA,NA,NA,44.553,59.682,52.877,6.532,14.514,18.632,16.884,1.72,69.444,91.023,80.689,8.827,NA,NA,NA,NA,,,,,106.7,106.7,1.862266312,1
,,FSR,2,,,19,2016,,,10,57,Camera2_071916_10.57_for_60sec,,,2,2,4,8,1542,1732,1637.875,62.77,402,645,534.5,89.03,2.503,3.77,3.145,0.519,74,136,108.25,18.798,68.066,90.022,79.375,11.154,0,90.022,39.688,43.052,NA,NA,NA,NA,68.066,90.022,79.375,11.154,22.349,28.302,25.432,2.786,-1.273,12.095,5.3,5.876,NA,NA,NA,NA,,,,,106.7,106.7,1.862266312,1
,,FSR,2,,,19,2016,,,11,2,Camera2_071916_11.02_for_60sec,,,,,,,,,,,,,,,,,,,,,,,,,,,,,,,,,,,,,,,,,,,,,,,,,,,,,,,107.8,107.8,1.881464934,1
,,FSR,2,,,19,2016,,,11,7,Camera2_071916_11.07_for_60sec,,,,,,,,,,,,,,,,,,,,,,,,,,,,,,,,,,,,,,,,,,,,,,,,,,,,,,,109,109,1.902408885,1
,,FSR,2,,,19,2016,,,11,12,Camera2_071916_11.12_for_60sec,,,,,,,,,,,,,,,,,,,,,,,,,,,,,,,,,,,,,,,,,,,,,,,,,,,,,,,110.2,110.2,1.923352836,1
,,FSR,2,,,19,2016,,,11,17,Camera2_071916_11.17_for_60sec,,,,,,,,,,,,,,,,,,,,,,,,,,,,,,,,,,,,,,,,,,,,,,,,,,,,,,,111.5,111.5,1.946042116,1
,,FSR,2,,,19,2016,,,11,22,Camera2_071916_11.22_for_60sec,,,,,,,,,,,,,,,,,,,,,,,,,,,,,,,,,,,,,,,,,,,,,,,,,,,,,,,112.8,112.8,1.968731396,1
,,FSR,2,,,19,2016,,,11,27,Camera2_071916_11.27_for_60sec,,,,,,,,,,,,,,,,,,,,,,,,,,,,,,,,,,,,,,,,,,,,,,,,,,,,,,,114.2,114.2,1.993166006,1
,,FSR,2,,,19,2016,,,11,32,Camera2_071916_11.32_for_60sec,,,,,,,,,,,,,,,,,,,,,,,,,,,,,,,,,,,,,,,,,,,,,,,,,,,,,,,115.6,115.6,2.017600615,1
,,FSR,2,,,19,2016,,,11,37,Camera2_071916_11.37_for_60sec,,,,,,,,,,,,,,,,,,,,,,,,,,,,,,,,,,,,,,,,,,,,,,,,,,,,,,,117,117,2.042035225,1
,,FSR,2,,,19,2016,,,11,42,Camera2_071916_11.42_for_60sec,,,,,,,,,,,,,,,,,,,,,,,,,,,,,,,,,,,,,,,,,,,,,,,,,,,,,,,118.6,118.6,2.069960493,1
,,FSR,2,,,19,2016,,,11,47,Camera2_071916_11.47_for_60sec,,,,,,,,,,,,,,,,,,,,,,,,,,,,,,,,,,,,,,,,,,,,,,,,,,,,,,,120.1,120.1,2.096140432,1
,,FSR,2,,,19,2016,,,11,52,Camera2_071916_11.52_for_60sec,,,,,,,,,,,,,,,,,,,,,,,,,,,,,,,,,,,,,,,,,,,,,,,,,,,,,,,121.8,121.8,2.125811029,1
,,FSR,2,,,19,2016,,,11,57,Camera2_071916_11.57_for_60sec,,,,,,,,,,,,,,,,,,,,,,,,,,,,,,,,,,,,,,,,,,,,,,,,,,,,,,,123.5,123.5,2.155481626,1
,,FSR,2,,,19,2016,,,12,2,Camera2_071916_12.02_for_60sec,,,,,,,,,,,,,,,,,,,,,,,,,,,,,,,,,,,,,,,,,,,,,,,,,,,,,,,125.3,125.3,2.186897553,1
,,FSR,2,,,23,2016,,,12,16,Camera2_072316_12.16_for_60sec,,,,,,,,,,,,,,,,,,,,,,,,,,,,,,,,,,,,,,,,,,,,,,,,,,,,,,,131.7,131.7,2.298598625,1
,,FSR,2,,,23,2016,,,12,21,Camera2_072316_12.21_for_60sec,,,,,,,,,,,,,,,,,,,,,,,,,,,,,,,,,,,,,,,,,,,,,,,,,,,,,,,133.8,133.8,2.335250539,1
,,FSR,2,,,23,2016,,,12,26,Camera2_072316_12.26_for_60sec,,,,,,,,,,,,,,,,,,,,,,,,,,,,,,,,,,,,,,,,,,,,,,,,,,,,,,,136,136,2.373647783,1
,,FSR,2,,,23,2016,,,12,31,Camera2_072316_12.31_for_60sec,,,,,,,,,,,,,,,,,,,,,,,,,,,,,,,,,,,,,,,,,,,,,,,,,,,,,,,138.3,138.3,2.413790356,1
,,FSR,2,,,23,2016,,,12,36,Camera2_072316_12.36_for_60sec,,,1,1,4,8,1274.667,1316,1299.167,15.662,394.667,496,439.167,38.034,0,0,0,0,83,126,100.75,13.221,55.458,85.271,69.619,12.334,0,85.271,34.809,38.079,NA,NA,NA,NA,55.458,85.271,69.619,12.334,NA,NA,NA,NA,-90,-66.801,-79.302,9.528,NA,NA,NA,NA,,,,,140.7,140.7,2.455678258,1
,,FSR,2,,,23,2016,,,12,36,Camera2_072316_12.36_for_60sec,,,2,2,4,8,1508,1645.333,1573,48.963,245.333,308,275.667,23.667,0,0,0,0,107,161,131,19.049,39.576,87.818,60.269,20.209,0,87.818,30.135,34.826,NA,NA,NA,NA,39.576,87.818,60.269,20.209,NA,NA,NA,NA,-52.001,-30.069,-37.184,10.014,NA,NA,NA,NA,,,,,140.7,140.7,2.455678258,1
,,FSR,2,,,23,2016,,,12,36,Camera2_072316_12.36_for_60sec,,,3,3,4,8,1424,1501.333,1466.167,29.728,362.667,452,403.833,29.163,0,0,0,0,85,120,102,10.954,42.353,69.346,56.925,12.293,0,69.346,28.462,31.474,NA,NA,NA,NA,42.353,69.346,56.925,12.293,NA,NA,NA,NA,-37.972,-21.251,-29.286,6.866,NA,NA,NA,NA,,,,,140.7,140.7,2.455678258,1
,,FSR,2,,,23,2016,,,12,36,Camera2_072316_12.36_for_60sec,,,4,4,4,8,1260,1324,1302.5,22.133,809.333,916,864.167,39.305,0,0,0,0,68,105,86,13.158,31.693,78.937,55.858,19.713,0,78.937,27.929,32.527,NA,NA,NA,NA,31.693,78.937,55.858,19.713,NA,NA,NA,NA,73.443,104.621,85.596,14.789,NA,NA,NA,NA,,,,,140.7,140.7,2.455678258,1
,,FSR,2,,,23,2016,,,12,36,Camera2_072316_12.36_for_60sec,,,5,5,4,8,1209.333,1286,1251,26.75,698.667,865.333,761.333,60.42,0,0,0,0,63,100,78,12.984,24.037,51.88,39.117,11.448,0,51.88,19.559,22.212,NA,NA,NA,NA,24.037,51.88,39.117,11.448,NA,NA,NA,NA,64.093,143.13,104.031,32.526,NA,NA,NA,NA,,,,,140.7,140.7,2.455678258,1
,,FSR,2,,,23,2016,,,12,41,Camera2_072316_12.41_for_60sec,,,1,1,4,8,572,617.333,596.833,16.125,282.667,330.667,308.5,16.313,0,0,0,0,66,111,94.375,13.016,17.385,48.314,29.915,15.014,0,48.314,14.958,18.77,NA,NA,NA,NA,17.385,48.314,29.915,15.014,NA,NA,NA,NA,-48.013,-4.399,-32.701,19.321,NA,NA,NA,NA,,,,,143.2,143.2,2.499311489,1
,,FSR,2,,,23,2016,,,12,41,Camera2_072316_12.41_for_60sec,,,2,2,4,8,1234.667,1342.667,1291.5,35.634,276,369.333,318.5,31.045,0,0,0,0,78,108,95.75,10.607,40.552,103.494,70.04,27.74,0,103.494,35.02,41.61,NA,NA,NA,NA,40.552,103.494,70.04,27.74,NA,NA,NA,NA,30.256,70.665,50.428,19.27,NA,NA,NA,NA,,,,,143.2,143.2,2.499311489,1
,,FSR,2,,,23,2016,,,12,41,Camera2_072316_12.41_for_60sec,,,3,3,4,8,993.333,1016,1004.833,7.838,376,456,424.167,26.432,0,0,0,0,51,107,79.125,16.583,31.127,43.98,36.443,5.95,0,43.98,18.222,19.865,NA,NA,NA,NA,31.127,43.98,36.443,5.95,NA,NA,NA,NA,51.71,110.323,84.466,26.147,NA,NA,NA,NA,,,,,143.2,143.2,2.499311489,1
,,FSR,2,,,23,2016,,,12,41,Camera2_072316_12.41_for_60sec,,,4,4,4,8,1330.667,1390.667,1364.333,21.342,708,817.333,770,37.55,0,0,0,0,69,98,84.5,10.014,54.144,76.745,63.105,10.328,0,76.745,31.552,34.402,NA,NA,NA,NA,54.144,76.745,63.105,10.328,NA,NA,NA,NA,73.413,94.086,82.396,8.62,NA,NA,NA,NA,,,,,143.2,143.2,2.499311489,1
,,FSR,2,,,23,2016,,,12,46,Camera2_072316_12.46_for_60sec,,,1,1,4,8,516,541.333,529.333,10.154,492,585.333,542,30.145,0,0,0,0,85,131,103.5,13.784,33.652,57.442,41.735,10.748,0,57.442,20.867,23.392,NA,NA,NA,NA,33.652,57.442,41.735,10.748,NA,NA,NA,NA,-72.897,-56.31,-63.697,8.152,NA,NA,NA,NA,,,,,145.8,145.8,2.544690049,1
,,FSR,2,,,23,2016,,,12,46,Camera2_072316_12.46_for_60sec,,,2,2,4,8,1127.333,1160.667,1144.333,11.42,493.333,557.333,523.167,29.054,0,0,0,0,68,104,83.625,12.558,47.253,62.425,55.767,7.679,0,62.425,27.884,30.23,NA,NA,NA,NA,47.253,62.425,55.767,7.679,NA,NA,NA,NA,98.973,109.983,105.069,4.585,NA,NA,NA,NA,,,,,145.8,145.8,2.544690049,1
,,FSR,2,,,23,2016,,,12,46,Camera2_072316_12.46_for_60sec,,,3,3,4,8,1330.667,1381.333,1358.833,17.565,626,700.667,667,28.736,0,0,0,0,58,145,102.75,30.705,15.606,33.012,25.88,7.542,0,33.012,12.94,14.688,NA,NA,NA,NA,15.606,33.012,25.88,7.542,NA,NA,NA,NA,-136.637,-108.435,-120.223,13.475,NA,NA,NA,NA,,,,,145.8,145.8,2.544690049,1
,,FSR,2,,,23,2016,,,12,46,Camera2_072316_12.46_for_60sec,,,4,4,4,8,1201.333,1337.333,1292.5,53.93,460.667,547.333,505.5,30.885,0,0,0,0,78,131,101.375,19.537,45.412,52.154,49.13,2.975,0,52.154,24.565,26.333,NA,NA,NA,NA,45.412,52.154,49.13,2.975,NA,NA,NA,NA,-93.366,-66.801,-80.337,11.595,NA,NA,NA,NA,,,,,145.8,145.8,2.544690049,1
,,FSR,2,,,23,2016,,,12,51,Camera2_072316_12.51_for_60sec,,,1,1,4,8,1136.667,1224.667,1182,38.834,294.667,377.333,338.167,26.446,0,0,0,0,83,173,117.875,26.21,24.331,51.103,35.43,12.38,0,51.103,17.715,20.599,NA,NA,NA,NA,24.331,51.103,35.43,12.38,NA,NA,NA,NA,-101.689,-82.504,-94.842,8.587,NA,NA,NA,NA,,,,,148.6,148.6,2.593559268,1
,,FSR,2,,,23,2016,,,12,51,Camera2_072316_12.51_for_60sec,,,2,2,5,10,764.667,834,799.333,21.773,326.667,474.667,372.533,48.214,0,0,0,0,79,118,95.5,14.416,31.241,41.398,38.447,4.148,0,41.398,19.223,20.451,NA,NA,NA,NA,31.241,41.398,38.447,4.148,NA,NA,NA,NA,-93.945,-14.931,-51.491,29.093,NA,NA,NA,NA,,,,,148.6,148.6,2.593559268,1
,,FSR,2,,,23,2016,,,12,56,Camera2_072316_12.56_for_60sec,,,1,1,4,8,748,844,801.167,34.516,160,385.333,227,82.287,0,0,0,0,81,145,99.75,22.404,16.275,63.736,43.026,19.713,0,63.736,21.513,26.372,NA,NA,NA,NA,16.275,63.736,43.026,19.713,NA,NA,NA,NA,-74.219,-49.574,-58.068,11.008,NA,NA,NA,NA,,,,,151.4,151.4,2.642428488,1
,,FSR,2,,,23,2016,,,12,56,Camera2_072316_12.56_for_60sec,,,2,2,4,8,1199.333,1272.667,1243,28.237,618.667,716,667.167,32.93,0,0,0,0,87,161,114.75,26.408,26.7,52.747,40.733,11.92,0,52.747,20.367,23.129,NA,NA,NA,NA,26.7,52.747,40.733,11.92,NA,NA,NA,NA,-87.138,-73.856,-78.922,5.898,NA,NA,NA,NA,,,,,151.4,151.4,2.642428488,1
,,FSR,2,,,23,2016,,,12,56,Camera2_072316_12.56_for_60sec,,,3,3,4,8,1520,1596,1552.833,31.729,426.667,461.333,447.167,12.628,0,0,0,0,52,129,104.75,24.318,47.291,73.442,60.469,10.749,0,73.442,30.234,33.079,NA,NA,NA,NA,47.291,73.442,60.469,10.749,NA,NA,NA,NA,-25.408,-14.931,-19.411,4.947,NA,NA,NA,NA,,,,,151.4,151.4,2.642428488,1
,,FSR,2,,,23,2016,,,12,56,Camera2_072316_12.56_for_60sec,,,4,4,4,8,1404,1514.667,1463,35.16,288,368,327.667,23.354,0,0,0,0,83,124,103.875,15.788,29.605,48.074,34.512,9.048,0,48.074,17.256,19.375,NA,NA,NA,NA,29.605,48.074,34.512,9.048,NA,NA,NA,NA,-56.31,-20.854,-42.3,16.497,NA,NA,NA,NA,,,,,151.4,151.4,2.642428488,1
,,FSR,2,,,23,2016,,,13,1,Camera2_072316_13.01_for_60sec,,,1,1,4,8,1397.333,1441,1424,15.974,643.333,707,675.042,23.01,0,0,0,0,100,136,120.5,14.832,39.777,41.437,40.344,0.743,0,41.437,20.172,21.57,NA,NA,NA,NA,39.777,41.437,40.344,0.743,NA,NA,NA,NA,74.578,92.862,81.386,8.22,NA,NA,NA,NA,,,,,154.3,154.3,2.693043036,1
,,FSR,2,,,23,2016,,,13,1,Camera2_072316_13.01_for_60sec,,,2,2,4,8,459,574,525,43.85,522,648,594.5,43.303,0,0,0,0,85,127,103.125,14.827,31.016,54.083,45.653,10.084,0,54.083,22.827,25.28,NA,NA,NA,NA,31.016,54.083,45.653,10.084,NA,NA,NA,NA,-76.827,91.848,-29.093,80.895,NA,NA,NA,NA,,,,,154.3,154.3,2.693043036,1
,,FSR,2,,,23,2016,,,13,1,Camera2_072316_13.01_for_60sec,,,3,3,4,8,1180,1227,1200.375,16.869,177,300,229.125,44.847,0,0,0,0,75,173,118.625,35.282,33.838,40.706,37.416,3.061,0,40.706,18.708,20.1,NA,NA,NA,NA,33.838,40.706,37.416,3.061,NA,NA,NA,NA,-62.176,-39.806,-50.986,9.957,NA,NA,NA,NA,,,,,154.3,154.3,2.693043036,1
,,FSR,2,,,23,2016,,,13,1,Camera2_072316_13.01_for_60sec,,,4,4,4,8,1387,1412,1397.125,8.543,258,312,281.75,18.896,0,0,0,0,113,193,141.625,26.543,23.431,39.051,34.365,7.332,0,39.051,17.182,18.986,NA,NA,NA,NA,23.431,39.051,34.365,7.332,NA,NA,NA,NA,-103.325,-50.194,-73.516,22.853,NA,NA,NA,NA,,,,,154.3,154.3,2.693043036,1
,,FSR,2,,,23,2016,,,13,1,Camera2_072316_13.01_for_60sec,,,5,5,4,8,1157,1225,1192.667,21.259,775.667,849,812.833,20.698,0,0,0,0,84,125,104.75,15.304,20.396,46.686,36.546,12.073,0,46.686,18.273,21.073,NA,NA,NA,NA,20.396,46.686,36.546,12.073,NA,NA,NA,NA,11.31,166.504,95.55,64.4,NA,NA,NA,NA,,,,,154.3,154.3,2.693043036,1
,,FSR,2,,,23,2016,,,13,1,Camera2_072316_13.01_for_60sec,,,6,6,4,8,1082,1162,1116.333,29.761,440.667,518,475.167,24.121,0,0,0,0,76,103,89,11.301,24.477,51.777,33.64,12.526,0,51.777,16.82,19.763,NA,NA,NA,NA,24.477,51.777,33.64,12.526,NA,NA,NA,NA,-119.358,-94.764,-105.188,10.337,NA,NA,NA,NA,,,,,154.3,154.3,2.693043036,1
,,FSR,2,,,23,2016,,,13,6,Camera2_072316_13.06_for_60sec,,,1,1,4,8,1165,1199,1181.625,12.223,721,788,757.5,22.816,0,0,0,0,78,148,103.5,22.596,20.025,47.265,36.16,12.096,0,47.265,18.08,20.887,NA,NA,NA,NA,20.025,47.265,36.16,12.096,NA,NA,NA,NA,83.928,96.633,88.583,5.548,NA,NA,NA,NA,,,,,157.3,157.3,2.745402913,1
,,FSR,2,,,23,2016,,,13,6,Camera2_072316_13.06_for_60sec,,,2,2,4,8,1131,1284,1187.5,56.685,555,623,583.625,24.94,0,0,0,0,66,116,95.875,17.988,31.241,80.156,53.308,25.585,0,80.156,26.654,33.053,NA,NA,NA,NA,31.241,80.156,53.308,25.585,NA,NA,NA,NA,-54.273,-34.695,-42.305,8.383,NA,NA,NA,NA,,,,,157.3,157.3,2.745402913,1
,,FSR,2,,,23,2016,,,13,6,Camera2_072316_13.06_for_60sec,,,3,3,4,8,1362,1394,1374.375,12.035,208,270,235.625,24.107,0,0,0,0,66,145,117.625,24.75,22.361,53.759,42.219,13.761,0,53.759,21.11,24.299,NA,NA,NA,NA,22.361,53.759,42.219,13.761,NA,NA,NA,NA,-100.305,-55.954,-74.282,18.666,NA,NA,NA,NA,,,,,157.3,157.3,2.745402913,1
,,FSR,2,,,23,2016,,,13,6,Camera2_072316_13.06_for_60sec,,,4,4,4,8,517,581,543,23.262,483,595,544.25,36.951,0,0,0,0,83,124,99.143,14.69,36.125,48.754,44.659,5.844,0,48.754,22.329,24.176,NA,NA,NA,NA,36.125,48.754,44.659,5.844,NA,NA,NA,NA,-46.685,-25.514,-35.661,10.117,NA,NA,NA,NA,,,,,157.3,157.3,2.745402913,1
,,FSR,2,,,23,2016,,,13,6,Camera2_072316_13.06_for_60sec,,,5,5,4,8,1447,1465.333,1456.125,7.235,238,429.333,315.583,67.329,0,0,0,0,62,131,94.25,21.212,31,57.974,38.165,13.214,0,57.974,19.083,22.158,NA,NA,NA,NA,31,57.974,38.165,13.214,NA,NA,NA,NA,-100.954,-75.005,-87.799,10.773,NA,NA,NA,NA,,,,,157.3,157.3,2.745402913,1
,,FSR,2,,,23,2016,,,13,11,Camera2_072316_13.11_for_60sec,,,1,1,1,1,765.167,765.167,765.167,NA,630.5,630.5,630.5,NA,0,0,0,NA,87,87,87,NA,0,0,0,NA,0,0,0,NA,NA,NA,NA,NA,NA,NA,NA,NA,NA,NA,NA,NA,NA,NA,NA,NA,NA,NA,NA,NA,,,,,160.4,160.4,2.79950812,1
,,FSR,2,,,23,2016,,,13,11,Camera2_072316_13.11_for_60sec,,,2,2,8,16,666,1494.667,1080.917,381.805,282.667,813.333,568.083,222.743,0,0,0,0,73,144,106.438,20.073,35.075,89.443,60.684,16.974,0,89.443,30.342,33.414,NA,NA,NA,NA,35.075,89.443,60.684,16.974,NA,NA,NA,NA,-79.695,171.254,25.224,97.638,NA,NA,NA,NA,,,,,160.4,160.4,2.79950812,1
,,FSR,2,,,23,2016,,,13,11,Camera2_072316_13.11_for_60sec,,,3,3,4,8,525.333,574.667,549.833,17.716,721.333,812,775.833,27.744,0,0,0,0,81,114,100.25,11.585,24.037,48.166,34.837,10.017,0,48.166,17.419,19.742,NA,NA,NA,NA,24.037,48.166,34.837,10.017,NA,NA,NA,NA,-46.548,-29.745,-37.904,7.593,NA,NA,NA,NA,,,,,160.4,160.4,2.79950812,1
,,FSR,2,,,23,2016,,,13,11,Camera2_072316_13.11_for_60sec,,,4,4,4,8,982,1040,1007.875,21.088,128,260,203.25,38.928,0,0,0,0,86,158,124.5,24.089,19.416,64.885,43.039,19.093,0,64.885,21.519,26.181,NA,NA,NA,NA,19.416,64.885,43.039,19.093,NA,NA,NA,NA,-84.174,-61.46,-74.297,9.62,NA,NA,NA,NA,,,,,160.4,160.4,2.79950812,1
,,FSR,2,,,23,2016,,,13,11,Camera2_072316_13.11_for_60sec,,,5,5,4,8,1123,1278,1210.75,51.032,113,211,154.875,39.841,0,0,0,0,79,161,126.625,30.863,38.639,87.71,68.105,22.361,0,87.71,34.052,39.236,NA,NA,NA,NA,38.639,87.71,68.105,22.361,NA,NA,NA,NA,-62.622,10.437,-43.093,35.723,NA,NA,NA,NA,,,,,160.4,160.4,2.79950812,1